-- phpMyAdmin SQL Dump
-- version 4.1.12
-- http://www.phpmyadmin.net
--
-- Host: 127.0.0.1
-- Generation Time: Jun 30, 2018 at 04:24 PM
-- Server version: 5.6.16
-- PHP Version: 5.5.11

SET SQL_MODE = "NO_AUTO_VALUE_ON_ZERO";
SET time_zone = "+00:00";


/*!40101 SET @OLD_CHARACTER_SET_CLIENT=@@CHARACTER_SET_CLIENT */;
/*!40101 SET @OLD_CHARACTER_SET_RESULTS=@@CHARACTER_SET_RESULTS */;
/*!40101 SET @OLD_COLLATION_CONNECTION=@@COLLATION_CONNECTION */;
/*!40101 SET NAMES utf8 */;

--
-- Database: `utemsticker`
--

-- --------------------------------------------------------

--
-- Table structure for table `complaint`
--

CREATE TABLE IF NOT EXISTS `complaint` (
  `complaintID` int(11) NOT NULL,
  `icNo` varchar(15) NOT NULL,
  `complaintDateTime` timestamp NOT NULL DEFAULT CURRENT_TIMESTAMP ON UPDATE CURRENT_TIMESTAMP,
  `complaint` varchar(50) NOT NULL,
  PRIMARY KEY (`complaintID`),
  KEY `icNo` (`icNo`)
) ENGINE=InnoDB DEFAULT CHARSET=latin1;

-- --------------------------------------------------------

--
-- Table structure for table `fine`
--

CREATE TABLE IF NOT EXISTS `fine` (
  `fineID` int(11) NOT NULL AUTO_INCREMENT,
  `fineType` varchar(100) NOT NULL,
  PRIMARY KEY (`fineID`)
) ENGINE=InnoDB  DEFAULT CHARSET=latin1 AUTO_INCREMENT=1010 ;

--
-- Dumping data for table `fine`
--

INSERT INTO `fine` (`fineID`, `fineType`) VALUES
(1000, 'Posses invalid UTeM vehicle sticker not according to session'),
(1001, 'Entering restricted area (Academic Centre)'),
(1002, 'Parking in restricted area'),
(1003, 'Blocking driveways'),
(1004, 'Parking in space reserved for University staff / guest'),
(1005, 'Altered vehicle sticker'),
(1006, 'Not following instructions on traffic sign post'),
(1007, 'Not owning / possessing valid driving license'),
(1008, 'Vehicle not possessing road tax / road tax expired'),
(1009, 'Others offences provided under Road Traffic Ordinance 1958 and all laws');

-- --------------------------------------------------------

--
-- Table structure for table `owner`
--

CREATE TABLE IF NOT EXISTS `owner` (
  `vehicleID` varchar(10) NOT NULL,
  `icNo` varchar(15) NOT NULL,
  `status` varchar(15) NOT NULL,
  `date_approve` datetime DEFAULT NULL,
  `semester` varchar(22) NOT NULL,
  PRIMARY KEY (`vehicleID`,`icNo`),
  KEY `icNo` (`icNo`)
) ENGINE=InnoDB DEFAULT CHARSET=latin1;

--
-- Dumping data for table `owner`
--

INSERT INTO `owner` (`vehicleID`, `icNo`, `status`, `date_approve`, `semester`) VALUES
('AHD6672', '891231075244', 'PASS', '2017-12-20 12:14:35', 'SEMESTER 2 2017/2018'),
('ANB4567', '941102045221', 'PASS', '2017-12-17 22:41:50', 'SEMESTER 1 2017/2018'),
('BNL1234', '940112045333', 'PASS', '2018-04-07 14:37:45', 'SEMESTER 2 2016/2017'),
('DAD9745', '940112045333', 'PASS', '2018-04-07 14:37:45', 'SEMESTER 2 2017/2018'),
('KCK1109', '950911014323', 'IN PROCESS', '0000-00-00 00:00:00', 'SEMESTER 2 2017/2018'),
('KDH6774', '981403048872', 'ACTIVE', '2017-12-18 11:53:40', 'SEMESTER 2'),
('MCD2221', '940112045333', 'PASS', '2018-04-07 14:37:45', 'SEMESTER 1 2017/2018'),
('MCD6674', '981024045371', 'IN PROCESS', NULL, 'SEMESTER 2 2017/2018'),
('MCD7646', '930516015125', 'PASS', '2017-12-18 13:48:03', 'SEMESTER 2 2017/2018'),
('PJQ5536', '651012045371', 'PASS', '2018-04-07 14:37:38', 'SEMESTER 2 2017/2018'),
('WUY8837', '850527017541', 'IN PROCESS', NULL, 'SEMESTER 2 2017/2018');

-- --------------------------------------------------------

--
-- Table structure for table `summon`
--

CREATE TABLE IF NOT EXISTS `summon` (
  `fineID` int(11) NOT NULL,
  `icNo` varchar(15) NOT NULL,
  `vehicleID` varchar(10) NOT NULL,
  `fineDateTime` timestamp NOT NULL DEFAULT CURRENT_TIMESTAMP,
  `finePlace` varchar(30) NOT NULL,
  `finePayment` float NOT NULL,
  `fineStatus` varchar(15) NOT NULL,
  `date_paid` datetime DEFAULT NULL,
  PRIMARY KEY (`fineID`,`icNo`,`vehicleID`),
  KEY `icNo` (`icNo`),
  KEY `vehicleID` (`vehicleID`)
) ENGINE=InnoDB DEFAULT CHARSET=latin1;

--
-- Dumping data for table `summon`
--

INSERT INTO `summon` (`fineID`, `icNo`, `vehicleID`, `fineDateTime`, `finePlace`, `finePayment`, `fineStatus`, `date_paid`) VALUES
(1000, '940112045333', 'BNL1234', '2017-11-14 09:51:54', 'Pusat Persatuan Pelajar', 15, 'PAID', NULL),
(1001, '940112045333', 'BNL1234', '2017-11-14 09:52:37', 'Perpustakaan Darul Hikmah', 20, 'PAID', '2017-12-20 12:36:27'),
(1009, '940112045333', 'BNL1234', '2017-12-20 04:34:38', 'ftmk', 90, 'UNPAID', NULL);

-- --------------------------------------------------------

--
-- Table structure for table `url`
--

CREATE TABLE IF NOT EXISTS `url` (
  `icNo` varchar(15) NOT NULL,
  `ext` varchar(11) NOT NULL,
  `expire` timestamp NOT NULL DEFAULT CURRENT_TIMESTAMP ON UPDATE CURRENT_TIMESTAMP,
  PRIMARY KEY (`icNo`)
) ENGINE=InnoDB DEFAULT CHARSET=latin1;

--
-- Dumping data for table `url`
--

INSERT INTO `url` (`icNo`, `ext`, `expire`) VALUES
('651012045371', 'OMNQK4uZeB', '2017-12-17 10:03:58'),
('660123015233', 'uWIMYJFdJp', '2017-12-21 01:10:29'),
('700912015112', 'fbcXIFpkRu', '2017-12-13 07:22:02'),
('880925045111', 'tWkGvsRNAI', '2017-12-21 01:13:33'),
('950401105305', 'Dm7b6Hg831', '2017-12-21 04:29:02'),
('961024045370', 'q8aqbhcG5f', '2017-12-20 07:22:33');

-- --------------------------------------------------------

--
-- Table structure for table `user`
--

CREATE TABLE IF NOT EXISTS `user` (
  `icNo` varchar(15) NOT NULL,
  `userID` varchar(11) DEFAULT NULL,
  `userPassword` varchar(30) NOT NULL,
  `userName` varchar(70) NOT NULL,
  `userResidential` varchar(20) DEFAULT NULL,
  `userFaculty` varchar(6) DEFAULT NULL,
  `userEduLevel` varchar(10) DEFAULT NULL,
  `userAddress` varchar(150) NOT NULL,
  `userTel` varchar(12) NOT NULL,
  `userEmail` varchar(30) DEFAULT NULL,
  `userLicenseNo` int(10) DEFAULT NULL,
  `userLicenseValidDate` date DEFAULT NULL,
  `userPosition` varchar(25) NOT NULL,
  `icFile` longblob,
  `licenseFile` longblob,
  `cardFile` longblob,
  PRIMARY KEY (`icNo`)
) ENGINE=InnoDB DEFAULT CHARSET=latin1;

--
-- Dumping data for table `user`
--

INSERT INTO `user` (`icNo`, `userID`, `userPassword`, `userName`, `userResidential`, `userFaculty`, `userEduLevel`, `userAddress`, `userTel`, `userEmail`, `userLicenseNo`, `userLicenseValidDate`, `userPosition`, `icFile`, `licenseFile`, `cardFile`) VALUES
('651012045371', '', 'abc123', 'Muzammil bin Hasbullah', NULL, NULL, NULL, '68, Jalan Mahmood, Taman Angkasa, Melaka', '0192314521', NULL, 69868, '2018-03-28', 'Contractor', NULL, NULL, NULL),
('660123015221', 'A123', 'abc123', 'Mahmud bin Husin', NULL, NULL, NULL, '23, Jalan Tambak Paya, Melaka', '0138722132', NULL, NULL, NULL, 'Admin', NULL, NULL, NULL),
('850527017541', '', 'abc123', 'Muhammad Amirul Hakimi bin Ghazali', NULL, NULL, NULL, '1468, Lrg Kempas 6/3,Taman Kempas,\r\n08000 Sungai Petani,Kedah', '0179823924', NULL, 87673, '2019-02-07', 'Contractor', NULL, NULL, NULL),
('891231075244', '1207', 'abc123', 'Hannani binti Mahamad Kamal', NULL, 'FKP', NULL, 'NO 60, BATU 4 1/2, KG ALOR ARA TIMUR,\r\n02600 ARAU, ', '0149823655', NULL, 44567, '2019-12-19', 'Lecturer', NULL, NULL, NULL),
('930516015125', 'A124', 'abc123', 'Mohd Fadzly Bin Abdul Talib', NULL, NULL, NULL, '123, Taman Bahagia, Selangor', '0193991623', NULL, 435356, '2019-12-19', 'Admin', NULL, NULL, NULL),
('940112045333', 'B011410947', 'abc123', 'Ahmad bin Abdullah', 'Lestari', 'FKEKK', 'Degree', '98, Taman Ayer Keroh Utama, 75450 Melaka', '0166841174', 'b031510298@student.utem.edu.my', 21329087, '2018-01-12', 'Student', '', '', ''),
('941102045221', 'B031510321', 'abc123', 'Fadzly bin Ahmad', 'Non-Resident', 'FTMK', 'Degree', 'Durian Tunggal, Melaka', '0123332121', NULL, 21224365, '2017-11-30', 'Student', '', '', ''),
('950718081565', 'D05736682', '123', 'Amirul Shahmie bin Zaidnuddin', 'Non-Resident', 'FPTT', 'Diploma', 'Lot. 12, Kampung Mawar, 84800 Bandar Baru Bukit Gambir, Johor', '012873663', NULL, NULL, NULL, 'Student', NULL, NULL, NULL),
('950911014323', 'B011410988', 'abc123', 'Ismail Iskandar bin Zainal', 'Non-Resident', 'FTK', 'Degree', 'Lot 6, Lorong Pandan Indah, Duyong Melaka', '0192314534', NULL, 23982345, '2018-12-28', 'Student', '', '', ''),
('960618086773', 'B051546787', '123', 'Ahmad Hakim bin Rosli', 'Non-Resident', 'FPTT', 'Degree', 'No.932, Jln Bayan, 82100 Ayer Baloi, Johor', '0113645282', NULL, NULL, NULL, 'Student', NULL, NULL, NULL),
('970226047677', 'B051687463', '123', 'Alif Satar bin Sarkam', 'Satria', 'FPTT', 'Degree', 'Lot. 788, Kapung Mortan, 85200 Jementah, Johor', '012773847', NULL, NULL, NULL, 'Student', NULL, NULL, NULL),
('980602072833', 'D051639847', 'abc123', 'Azim bin Ja''far', 'Makmur', 'FPTT', 'Diploma', 'Lot. 5678, Kampung Ulu, 16050 Bachok, Kelantan', '0195346327', NULL, NULL, NULL, 'Student', NULL, NULL, NULL),
('980921028895', 'D021710498', 'abc123', 'Haziq Yeon Bin Norhisyah Yeon', 'Lestari', 'FKEKK', 'Diploma', 'Lot 89,  Jlan Merdeka Raya, 43000 Kajang, Selangor', '0197863366', NULL, NULL, NULL, 'Student', NULL, NULL, NULL),
('981024045371', 'D031510298', '11', 'Muhammad Nazrin bin Jailani', 'Satria', 'FTMK', 'Diploma', '89, Tingkat 4, Pangsapuri Amanah, Kedah', '0123456788', NULL, 23123123, '2017-11-30', 'Student', 0xffd8ffe000104a46494600010100000100010000ffdb00840009060713131215131112151615171818191818181717171a18151a161716171a1817181d2820181b251d171721312125292b2f2e2e171f3338332d37282d2e2b010a0a0a0e0d0e1b10101a2d2520262d2d2d2d2f2d2d2d2d2d2e2d2d2d2d2d2d2d2d302d2d2d2d2d2d2d2d2d2f2d2d2d2d2d2d2d2d2d2d2d2d2d2d2d2d2d2d2d2dffc000110800a8012c03012200021101031101ffc4001c0000010501010100000000000000000000050003040607020108ffc40046100002000305040607050605030500000001020003110405122131064151611322718191a10732425272b1c1142362d1f03343738292b22453a2c2e183d2f115254463b3ffc400190100020301000000000000000000000000020300010405ffc4002f110002020103030106060301000000000000010211031221310441512213617181d1f014233291a1c10542b1e1ffda000c03010002110311003f0087225d6216d05b8499645732376a072e6741dfc2148b63229a538d4c53f686ded366104d69afc5ddc34f183c98dc76178b2298327cd2ed88f8701c047148e808f6916950c38a45ab662455139b1f26ff0088acd22f1b172aa92be27fee684f53b43e61e3e473a3caa7219924f0d6015f93490a309258d25cbdee7df71b946e53dfcac1784e12d54b2966394b943577dde1ad741aeb48077bc969285a6306b54faad774b97ed05e000cabce3a53da15ee3938f79dfbcac4ab380c589c414d2bb99f534fc238f6718696b35f33d519b1e43530add3b445c80cbbb9f33a98569fbb4e8c7ac685f9705eed4c613a64dc759608c831341c15720218bb855ddfdd07cf21122d1d5503dc400f6e1c47e711ec5948277bcc0bdc057eb1658bb7b4febc620bb176a0df9010e5a676469bcf90c87ca085c3660034e7c82e43ea7e915c907fec812584d4b1cff11e1d9c7956205e56afdda9f888de780e421db6dbce6464cc2807b89ff736bd94862e8b20625df244ccf33b87ebeb11f8442558e48932fa499a9d06fe4073302ed569676a9ee1c043b78db4cd6ae8068380fce1ab2599a63055d4f90de4c53f08a1cb0d90cc3c00d4f010e5b6d629d1cbc9079ffc4396fb4aa8e8657aa3d66f78efee8856790ce68a3993b80de4f289c10e65a163410e4d6f6173fa98767d10615d4ea79459361f675a6b09a57894077d356ecdc39c5374828c6dd15e93656566afb2709f8b5a791884e733168b4d9e9271ef79d34f99503fd3157719988b8249512a47a87b7f282489ea0e249f3a7d206d97d5a7e21f43f48334c2493fbb4af7d2bf3306888192daace7f118bffa3fb4a995311d80c2c08a9dcc2997f4c67976fb5ddf58b66c66735c714af830fce0b1c75c9215967a20e48d0e4856c94d63cb505406a45781303e52953511e4d52c6a6357e137e7630fe37d3c6e3d66b6ab1a30a73dd11efb009551bb33df08498464c3174f152b42a5d54a51d2c162cf534e208efa547981e314dbfa4619bf1007e9f48d11e5d33e143e06bf48aaedbd930ba9fc4c3c68c3eb18ba98e8ce9f946ee8e7ab135e19542224ddf69c0d9faa75e5cc43348f088171b54682d8998e7f3e063cc103ae4b5d4603aae9cd378ee83f36c8c0e639e59e5da21f8a7a953e518b3637096dc0736a272c8b2bb00012428cb7ebf4a77c6582353f48365c5612c3d8746ee2701feef28cb808cf15dcda84047548f408f6194439a45f7604551393b0f1cfeb145a45cfd1e4d1d61eecc46ee200ff0061847530d58dfb8383a61bb1dd411da6312f3092031f61031a228dc38f13998a0df57874b3274ff6140497d95213fa983bf64be717edb5b5f41679d43466632d791724d7b92a7ba333da05e8e54892010597a671cdfab2d48e2a8a3fa8c6ecb35ece29784ff7e0e66083f6926fcb5fb73f406d845314e6cf0fab5f6a61d3c353d838c46405dc5732cd9f693052f2b36194a9bd35e6c698be83f96205da2b3a58fc6bfdc23135d8e804af739cdf8a9e145fa442b44ca4a9207076f162a3fb6245ecf5c7ce6b7f73442b6b7a83822f9d5bfdd16cb64702b9413bd2d38556427aa9eb1f79f7f756b0c5e167594caaad89c28662082031cc2a91ad052a78d7844593299d82a825988000de4e90364aec780163bc93f33046f39b814485f6737237bef1d83f5a419b7d916c72c26466801e61fc66a2520e428cdcf003112e8ba68ab3e72172e692656f9cfc5b84b1a93bfe72f60b43ba049b19540ef50585517791ef9e0bf3f389539fa097d1afed1c55cfbabb97b78c17bf7fc311d210f689831cc3b940f525af05a8a9e2129a180363b363c5366d7029ccef7739845e6779dc2a780313dac928d3a2359aced31d51016663400718357860b3a7448416f6dbde71b87e05f33052459858ace66b8027ce0683fcb4df4e7a788e0602d96ea993de5ae8d37351eeca1ab9e5a81c6879455f72f4b5b771fd97b88da5cbbd7a353d6fc4dae11f5ff98dab67aecc12f1d2848c87041a7ebb22bb609765b32a2cd9892a4a0cf11cda999000cd989e038c119fb61327756c767c09fe7da032ad3f04a4ebb65a5690a6ef71da34ad2b92a3b417719761b2cca7ac92e61f8994961e2c3c62817bc9c13e6af076f0ad47946c16eb9926d870bdb264d9a9294cb46a4a96195410a25a800934a558b6e8caf696ce15e5ba8a2cc948f90c81a6161e2b5ef838c9303242495b447b99714c553a0388f6019f9411bce6d24b1df31bfd20fe711f67e493d211a901076b1cfcab0ded04f05c22faa8283f5e27be1dc444f623591a88e7b3eb162d8bb5d2d72d0fb6847795c5fed11599198c3c4d4f601166b96c84597ed6a2ad679f2d8d3532c2a871e60f7183c37a935db7139daf66d79dbf734ae8a1745161ba6e169cb8fd5422aa7dee6070e713e46ca1c5d7355e5918ea4b3638ba6ce347065924d229fd144abbaee3366051a6f3c045f12e09007ecc77d4fd61db3ddf2e554a80b5d633cbac8b4f4adcd31e8a49ad4d501a46cec9535c35edcc784655e902c9497cd4a57b40287ce35fb5dfd254d16ae790cbc4c667e90e8f2663a82013500ea3fc47e51ceea2391384e77cd6e747a7962f54615f232f2239221d2239221c30f24cd28c186a0fe8468973df12fa25c6d4f772ad5751e1a774672627582f432d70e1a8a9233d2bbbc6be309c89f28b55dcd9af8b074d659f286ad2dc2fc58495f30230d43500c7d0f638c2affb07416a9f26940931828fc07ae9fe965838024111e811e08e8430b14587626752795f7d0ff5290479628002255d369e8e74b7dcac2bf09c9bc8980cb1d506828ba6587d2a3b9b559c1a99331166e1d0161547ce951d50077c56e74ffb5de0d32814556818e430854404f0c548bdfa40b2e3b359e76a654c7947e19803827fa00fe68ceeef5a24c3bde653b9333e6ebe108e9f2396349fdd072c31d49ae493b67459ae8a6a159501e3814027b4b027be015d6693a57c6bfdc21dbd5bd51cabe3ff00888729f0b061b883e06b0c93b958a4b4aa26dbdaaa7f88ff0033f9c14d90b22b3ccb44d1597213110730582d1473d09f080b69995048d0cc63e3489361be1a5d9e7d9c28227747d6de981aa69f10c8c0cb70a2d276c1f35cb313415249a01419e790dc22dbb21704dc22d4b31259a9098d31023426b5eaef15ed81b775d34b1cdb5cc0698d644902a314d6eb3914d42a023b5c708b96c76cdda2d82722da1a5e0968ab2d4a9c26637452c3330a951462d4cfab96b14d36b62e0d276ca94be92d333a6797d32f48312ab04c6d4a2aa839901541ec274d62c9765fb2126335a95e54e3d4eba10b2d772252b414a124d2bae94887b55ffb65b7ec766b499f2a5d01185159598d5d31019b568491d87310fde37cabd967b2b12f802b2b23ab0573801356646d4d08a40c931b0925bdfee546f09cd6bb5315d663d16b900ba2d7800067df16cb8eed42e8c7291210bad7206ba4c6aef6c2cfc942080fb2d71f4aa1896066b9452091494aa4cf6e608213b5a2c56f90f3fa1b159a9d25adf1b5344903d5ae792845069c108df11bec482a5a982a44b3785a5e74ca8b34aa93bba8b9d2bbb2cc9dd5e62255d126d534cc9c81642cd20098cb89fa319224a4d00a0d77ebba2ddb45b309679767bba4b1656633a7d1684c895840c641d1a6bf8d3dd11392c535ff006121a630040cc220cb42ed90d069539e948094bc0cc714f76caed8ae4b3ca70d3e636220b34c7fbc9941c2b929cf514a6f26084fdb4bbe52e1b359665a9b7b39a2d77f5dea2bf0ad22afb5165b425a165db590624598252302a2accb47a1eb30c3bf4ae8226ca912f0561d0c17bc99b7a5e9bf10de87491c36dd5a9d70c9b1d8970803099659f4a56a48535e42026d07453ecc5e4861d04c3547a07497368c410a2940e6828341bb48b5fa3db04b9b7a4a4992d5e5949b8c30046112c9ae7a51b067126fed9293679b68b4b1a4a9a935565835c32aaaa9d6d4b10011afae06a2a6f34238f8324b14a395e2bbfbb28374d2559b19d4b311e14af7027c62b93a6626278c4fbc6d34512c1d050f2e50360a6d6c918e419d92b174b6855232cc9ec00b1af7023be343f46d6306c043805663cca8e2b4084791813e8cae4ad8ef2b731a09121d539b946623b861fea8d53d1d6c6e1bbacd8dc8c5284ca0198e93ef33afc5a469e9a78e0ee4fcff00460eae1926b4c578feff00f09db1f7ba4ab2a59e63627b3b7400e9594a0192e7fe93203f89586e82f7bdea414972285dc8cf5a572100ef6d9b692fd2a9c4a461240dc0d5717655a9f1186ee892cd3a5e104d194f7030f874f8ab5a77c99727559b5686a9ba2db65bb08ce6cc698dcf251d8a3eb0e5b2eb973451d7c32304690a9183da4aeece97b38d5515bb56cb4b623092a3781993d84e919e7a4d9215272a8a00081dce236622318f4ab33eea69e2c478da29f284f519653d0a4fba0f062841c9c556c64463931d98e4c69086da3911d347820590fa26c66337f4bb7760b4ca9e065365e13f1cb3f32acbfd316ebbaf001d5bd96c8f23013d25a99d29981af44432f668fe449ee86470cafe56665d4476f8d19908f447223a1148d27421184214590d2eeeff001776cd97ab995887f1649af9d3c0c665656d47027cc935f0c3e1176f46b79609ad2c9caa1c767a8fe457ce016d1dd7f66b5cf940658eabf0300529dc40ee8c38968c9287cd1af1faa9956bc85493c028f104c47b54bc2dc8d08ef1132d4994c3f07ca39b62565a3f0001fd76fce1cc469d8835ca9df1cc4c281a483bd491dc4d7eb1c24baa1e35ac401aa352d9bb3ade762b2d9e5a2a9b302299aaf4a26632cd415eb285a9a6b31e0f7a52b28b14db25b6c830c996a24ce952dca5062e9144c086a43626049ae7439d632dd81da69b60b41992c075614992c9a635aee3b986e31b7ddfb4575dbca393244e046159e88b3548218aa17f5b4f6091009b8bbec32d3af28cfac1b3967b73acdb3d9ed4c2bbd115067fe733856a1e009e51dfa52d9c326cb2261496935dc4929271b070713a9666f5d8605192ad49269a01acdbb68ac927f6b6a908770331717728353dc2334f481b73659ed65167569bd0da16712c0a236056a0eb75b5a7b3a413cb39f6d829cad6e1299b1e9669335a5001a459e5ca66a0ce632979ce4f0ab4a3dc628d67da8e867bceb3a869cce1519855124a1c28a056ad8a953a7ac38445da2da4b4db3174d30e166c5d1a7565e20001d5f68d1466c4e99520258856627c43e7588b15720bcaea91a05c7e921d2d5367dae40767449559470e049658d151eb5ab3926ac3411a5ecf6d658ad345913555cfee98746f5df453eb7f2d63e7b6d4f324f89ac72ca0eb052c3160c66d1f505a2cc8e293115870650c3c0c089bb21606ff00e1c91f02097ffe748c4eeddb0b748004bb54cc23d97a4c1d9f780903b2913ed1e94ede050ce960f294b5f3afca13ec26b863565469e761eed924cee8ccbc39b319f3b08504351c3b952b5032391a4657e94b6dc5ae609722a2525403a173bda9b9780efe14ab5f9b4f69b491d34d993378c672078aa0a2a9e60404706b9ebbe0d46b76ed8b964be0eecd2d99d554558b0006b56272d79c3f7c4c0d3e6b2800176a53214a9d047160b634971312988569515a1208af68ac352a512547bc683c69f58b03b51a85836924cab93ff4e493304c9ecbd24c180038e62b3d056b512d708afba234395e96ecaaa156cb3c050001f759002807af190141972d3c29f28ea1948e82e961dcd7a67a5db3914fb2ce35dc4cba7f744393e95a4cbca5d8481fc403fda632d8517da89f84c577469b3bd304cf62c6839b4d63e4107ce06dabd2b5b9bd45908392331f167a794512145520d74f8d762c368daebc6d0c259b5cdabb050108959b1a0159414ea78c75e92ad215524a926842e7992b2d686a789620f7473b1165c568334fab214b9e6e7aa83c493fcb15bdb1bc3a4b4b675c1d5efd58f8923ba10fd5992f1b88ea2a2a920298e0b08e19a3831a6cc474cf1e298e0c1cb9ee23365e3662b526996a38f8d62462e4e90339a82b65eecedba261961d4ab6618104710450c41910424c75a28e049992cd9465bb4b6d518a9ed0695efd7be3d10776fac382d0260194d5aff3ad14f961f38ae298e6ce3a24e277714f5c14bc9204286d6671870181184bbaad9d0cd499b94e7cd4e4de44c5cfd21d971cbb3dad73cba198472ab4b3de3167cd62831a16c7cd16bb1cdb1b918b0e1527730eb496f114fe58cbd42d32593c6cfe03b0ca9d19d19552e3881fee866c2b8a5943b891f5f9fca083a1048614604820ea083420f6188eb2a8e5868daf68d0c34d1a29a0659891d221de0f8885657a2e7c7e7122f491ed8ec3f9fd2065607832e44d3a2437ddb8234fd54415460c2a3306049998968751a738eec53586998de37f68828b161403847a44712a686d0fe63b63b86220a18f5581e608f187e3974ac46ac876da98f21472e4ee15f211643d6507588a670f565282788190870c82debb65c0643f331d914145007c8738121027f537d5cea787644289b352b5a7aa356dec7944330b910eecf24bb051a934834f66027cb51a26151da01727cc78c44b9a5d097e190fac1394714d53beae7fd0aa3e5112356282d37ef414850a1419d01030a3807ac471cfe87e91dc42262850a085c37774f3d259f57d698784b5cdfb2a321cd8453692b646e9587e54c163bb8cc6f5e67de91cbd592bde687bcc65ccc49249a93993c49cc98b8fa47be3a59a252faabd660371a5117b97fba29b09e9e2e9cdf2ce56596a91e18e4c7463c00920015272006f272021e289375580cf9a1069ab1e0a35fcbbe2fa10280aa2800a01c00c8433715d1f679546fda366e787051c87ceb121b58db8b1e85bf272f3e6f692db844a910424c0f910424c6b898a60edb1bbba6b2b6115797f78bce83ac3bd6bde04660236d97194ed55d5f67b43281d46eba7c24e9dc6a3b2919babc7c4d1bbfc7e5e71bf8a04c7a0c790a309d31c599c60c6cd5e7d04f47ad14e4dc812287b8d0f8c038f418a92524e2cb4e9d979f48576859ab6a41d49feb53459c07587f30eb773454e2f1b1f6a5b7592658a71a3003037061fb27f2c27b39c52ad121a5bb238c2ca4ab0e0c0d0c67c1274e0f95f68dd095a235ad6a8c39181b26cf41461eb00c0f21991db482f1c3ca04538687811a1873454e1a9d822dd64c06a3d53e5ca232d62c1325e25c277888377c8cc83ecb7d083f48aa113c5eadbb9d599835316bb8e87c46b128086a75980460375597943166b65726d78fe7069f9173838b2647241e31d42220c039206f27c63a11c89606e8ea288286e6e633345dfcffe23b760054e9036d3682dd9fad629ba21e4f998cd064a01207211d49b27ddb31d6951d833876cb65254d7daa0eead4f941064a82375290be47e3c76ad9c58e5e1451cbcce70e61cc1e11ec7b16684a9513acf3b10cf587a062350d441256a8a88b1f0958d5a4d0ab703e461e862d9eaf788eecef551e110b4f71c8b5589d6c56269ee3af340206fe8ff0076bfcedd6eca409d9dbb3a79b46fd9a0c730fe007d51cd8f57bc9dd03b6e6fb3689e514f5259232d0be869c9475477c232fae4b1af8b11d464a5457674d6762ec6acc4927993530dc7b1e46939e7862e5b1b70d00b4cd1fc353c3df3f4f1e141db23707da1f1cc1f72873fc6dee8e5c7c37e5a24d11aba7c37eb7f239fd67515f971f9902d1101b589f68882d1a246389634b8885aab548f388b2a0e48b51145614248f086e6dc8ea6a3acbcb51dd09e9f33e26fe03fa9c0b9c6be244970136dee9e9ece5945664aabaf12bedaf867daa22ed75d848eb201300d548a30ee3ac5912ed913d2b8309e23220f38765cf0ad2d6c270609ea528bdd7f27ca8214683e937d1eccb1136992315999bad4fdd3139546e42743b89a6f119f4739fb8ed276ac50a1428a2c9974de0d226acd4dda8e2bbc7eb781177db4b12da2525e1233a8559d4dfb92653fd27b070319e45b760efe129cd9e751a4cdaad0e9d6c994f26f9f698cf9a2d35923cafe50dc53a74008505b69ee53659d841265b8c529bde4e07f12e87b8ef8130d8c9495a360a3954a1278e7e54fa4750a2c87844012b4cb841ec5016d428edda7f381623a85b263966b515c8e63e504158115101a3b9534a9c8c5a951942f1c4e9a1454c466b76590cfca21bb126a4c1397821dcf9c58e7a6e10e5924d48274dc38d3e90c22d75d37c4fb16756e390e4040c7764264b8ee1a498388f1e70e035d22d9ba1fa51ec2850a28b144bb13e44708891dc87a30310b4e9926da721db1c585b32b99ae806649d2806f31e5b4e60728b36c6ddeb291adf3f254c5d0d77b0c9a653785d07e2ec103396956494e9d926feb4fd82c82429fbf9b9b91b9a9bb920341f889319d089b7c5e4d689ad35eb9faa0fb2bb876ef3cc9885058f1e956f97c98a72d4ec513ee3ba9ed3344a4c86acdb95379eddc07188d62b23cd98b2a521798e42aa815249fd56bb80263e81d89d8c9561903a7c3d23759c9de7b3701bbf386c52bb667cb3695479ff804b0dd7d1cb54952c84514191f127793ad61b366663840ce2f86f9924e15229c7410d4c992d8f54a93ca91a65d4ca3cc68e7c7a4849da9d99b5b65952430a181ed16dda1b16298789524768d62a4dac1c67ad5812c6e12a2fd622ad422860ed9a334bbad6f2cd51a9f28b4ddbb494a098bdebf9466974b35fa7735c3ac83fd5b172908a0d682b13a4a815237eb19f5b6f366984a39c274dd411d4abca60f6898647a29b5762a5d7c13aa345992d5d59180656043290082a450820ea29180fa4df46ad632d69b202f6539b2e65a476ef32f9eedf96717cb33cd271216a8de0989c36927d30928771aad49ed8b7d0cd3f4b4c90ff230ff0064d1f37428bf6d4ec412cd36c6aa2a493245140fe1ee03f0f8708a132904820820d083910464411b8c2726296375236e1cf0caae2cf2142850b1a5f767ef04b759cd8ed0c04d5eb4a987730140df461bc67d955b5d99e53b4b98a55d095607711f31bc1de08303e54d6560ca486535046a0c5dd996f390194016c94b42ba74b2c6e1c48f67bd7818ced7b277feaff87f434e2c9d9953829b3d74fda2650e2c0b9b61199e0a0e8a4f127406074994599507accc1457893415ef8d66ebb10972c4ab3a34cc395114b12dbd9f0034e24ffc08d58e37bb0f2e4d2a91c25dcb8027452820c82950f977d33f18177a6c758a6025a560343d6964a9fe9191f08b3a59b01fbf54af098d4a764956c67bc18eadf6892ea92e5c996195b1b3a4b12c5064aa3da39e75207aba439d3daacc766729e8cd286b68719e430a9a0dd88d733d902ef0f471684ce54c97379668c79006a3ce37dba36725ccb3867a876a9041d06832d0f1ef8af5fd75bc8203e63102ac3422b46ec3849ca16a38e4e887ce96bb33ca729354a3aeaac287ff001ce39952cb10aa0b13a002a4f747d0763d9c95699a10c894c4eacd2d4d146a74e7a738b9d93616ef95432ecb2d180a63518188df565a42a70517c90a36c07a33b03d99ba797d24cae1766d43610484dc8062e15cb5dc0b2fa34bba52169765e926491882bcc98cb356848c4a5a8710c5bbd61c35b6ecaca41259a50211e63950492680e0ad4e79e0af7c75367949c169a1c8d7f773080467b8303de107b502f67b1017b3b77165046159234088b2d0ff000a5814551ef9ab1e234157f4cdb22af27edb2100795fb60a298e57be78943bfdd26ba08d0eea4e8ccc93b91b127f0dea40ee60ea07051122d736550a4d64a30208620554d41a83bb58a6f72e3271767c970a096d3dd82cb6b9f67560cb2dfaa41ad65b00e99ef38596bceb0362cdbcee28f23d876cb66798eb2e5ae27721540de4fc873dc2280613d9db9dad938293865a80d35fdd41c3f13683bcee891b7b7eacc61669202c99545c2341872551f0efe7d906afdb6a5dd6516590c0cd6cddc7b533467f857451cb91319bc0416b96a7c7613397614285177f46bb1b32d933a764ac996d404e8f30674e6172279d0718d6958894b4ab2dde88ee9956494f6b9e0fda5d692d48fd9cb39f733644f0000e3176b15dcf68ace9cc68741fadd1052e5986689646ba9e5bcc5cccb0aa146400a086e571c4bd0f77dcc18f5e795e45b2edef2a56abb1036953b87d6159ac6a3acb069ac60313c8c0c692c01032e709965725563a18545dd016f17acf503d95627be914ab726198e38318bebd9952a46a752753145bd4fdf3f6c1e07bd2f0075116a36fc96fb0d8656811607b58499a65cb15cfc238b86f5455a4c241aebac10b46d4d9eccad330b1eca02c7701582c6f2636f66c1c8b16551dd2ff00a16bbf65ff00cc7cf82fe712e659aef91fb7b44b53ff00d93517caa2316bf36ded56a621a69969ba54b25540e048a173dbe022bad30aee1db14f2e57ccbf61f1e9312ff53e915db4bae52d05ae4003dd38bfb41ac0fbb76eeef9b3da4f4d2a62d0b2cc2854015cd5f1a8196e619535a115380ada8764392670560ea40653507420c2658df317b9a1463c51f50cbbbecb3543224a653a325287b0ac605e99ee64b35e3f74b449b292652a4f5f13a36bf029ef87ec28660fb45867bd967d7afd1b10a5f7e34068d5e3cf306016dbde76d9ef28dbc29696a51662ad03826b991d526bc02f642619dc9e96f7f0cbf62a2f524be256a142ac2ac348287ec56b794eb325b5194d41fa1e20c31585588d5ecc86ab704cb3da4fdad254be9b23355d43d180cdc29caa752699ebef45a27de135c51a6361f7451169c30a5011db187dcf7accb34d13651cc6a2b930e07e87746c9b29b452264b33a5cb0efeeb7ee9bda3806a37d376a32390639ac4f4c96dd9ff004fea1bf56fdc2566b8aab8e6e0952fde702a7e15d5a07954058caae027aa4800950280d06e399fe68eaf2b6bccab3b92c7207854d0506e02b5ca38c80a0d3746d49f700d4ecb2b0a2a8f6540f01488f7c5deb3e4bca6f68100fbad4c8887acb680e8ae3da507c4563a7994cf981e240fac60dd32819b31768952831a179803311b81150a390ac4bbea7609135b821f12283ccc75616a295f75997bab55ff0049581fb51d794b286b366227713527b80ac12772b6424ecf261b3ca5de1149f898633f388bb4dd4e8e76745255e9ae07d7bc1008e7489173da0399c469d2951d8aa8bf487af691d249989c54d3b4663cc08be25b9061ed228b319c0c3d576ca981e98260ae54242f21561ba1c916856f52d4ac781e8dbc9309f38ac5d56f5795d0b9ccd64e7bd260382bc70bd0720e6225dd2ec93a8260790e699acc62849e533104f0ef8bf67576586f6af662cf6e4296996a9348a4b9ea330dbbadaeb4ea3646b95751f38dbac8f2a63ca9828f2dd9187e25254d39651f4ed96c0d2861af489c2a412bc30b128c4f1182318f499728956e69a7114b451863a86465508cb5f6b4071675c5a9a13178e1ae5a531b8f256cca145deed92b76d9cda278ff00113051577a29150a383b6a7dd1df0cdcb74a5913ed76ca620034a9647abc1d977b7babde7752a37e5eef699a663e99e15ad708fa93bcc25a739695c2e7e81e49aec46b75ade6cc69930d59bc00dc0700218855831756cc5aa7d0a4a2a8747705548e22a2ac3b018d11876466949455c99e6ca6cfcdb75a52cd2b22d9bb6a25cb14c4e7b2b40379206f8fa9ae6bae559644b912170cb96b8546fe649de49a92779319aec0d9d2ed94caaa264d986b3269c8903d5551eca8cf7e6493d972b26d4035c6b4e14839f4f97c19bf1789bab2c7846b15fda2b64d46512949ec1589b755b1e6e298d9268838f1689539c01534006f30a5f973dd5872fcd87a5d150997fcf414795de430889267cdb4bd585258d403407ea60b5bf69a5834552fcf41dd038ed1cb3aa95f08d0d4aad63a665528eaa792d7df7215e97557f66c5795491005ae5a9259f3e420edb6fb95a54f840a997bcbaea7c21379921f581be500e498a96d4debd24de8d4f5532fe6f68fd3bb9c5ef6a2d8922cb3266118e9853f88d92e9c333dd1914b39c327d46b8d22b0f4da27a98f88912e7ee6cc446063dac2d33592264ba663310d563d973488ed941cd7c22c84db8af4367981bd83938e2388e635f11be2f56fb6a0978d971ca23ac40c4029f68aef5ec8ccab166d93bda9f7130f54fa95dc77af61d477f1118baac37eb5f31b8e5d87ed7b332672f496498057757127e687c7b22af785dd3649a4d42bc0eaa7b1865160bcaed69533148732d98f54834563ee36ec5c2b91df9e6559b6a88acbb54aaee6a0fee439787840e39cd2dbd4bf9234bbec552b0ab16b9b72d96d156b2cc0adeeea3fa4f597bb2e5006f0ba6749f5d0e1f79735f11a77d21f0cd196ddfde038b442ac4eb9ef5996698264a343bc6e61c0f0e47779440ac2ac31a4d5328d7ee8bd65da915e564c0d5e5efad0faa38e75a6fa547082226462f60b7cc92e1e5b5187811c08de234ab8768a5da866424e1eb02726e64ffbbc606195e2da5bc7cf8f8fb82da5f1354d92b7e293809ce59a7f29cc7d477413bc27525b37bb46ee560c7e519d5d1791913431a81a3aefc27f551d917b69a1d48ad55878823fe60a69276b862d92d6652691b9d7177ad15bc8a78441bce7d26873a4896f33f9dc144f2133c443374db71ca5afacbd46f89723f2af7c09da1b6fdc1e339c1ffa6beafc94ff0031818af551031b24dfe1c13bd98f9d3e9042f3b709729dcee069da721e74817711c367963957fa896fac573696f9e95b021ea29fea6d2bd83777c1e9d53203b170343b8f03b8c73639c0852e0d0fac01008e2012299431d2435226f547327cc92234b2cd16e0b5205a24fc6807aaf93a77d735f2e715edb9da89225d260532d48601806ab83556a1e7981a9d4e514fbe6fc97665ab9accf650509af13babe4399a019b5ed7accb43979add8bb97f33c4eff28e7cff00325e97b79fa7d43494777c927682fd996a9989c90a09c2b5d399e2c7cb41cc5563c85587c6a2a902dd964f475659336f2b325a30f46589c2deab30466453bb360323ae9be3e999e8ae30b0a88f90a0f5836d6f192a165db67051a0622653b3a40d41ca29f940b567d0d3f66e59355665e5ac3f65b8a4a664623cff0028ca7667d2b4e6025da9903e82615015fe2a502b73d3b348b8cfdaa98cb45016bbc67e11a22b34d6d230cfd86396f1dfe05bed97aca9428cc070035f0102af4bce54e92c03d3968607ddf73e218e79389b770ede70ff00fe89241af5bb09814b141f2ed04de69ae1532af350ee069ba215a011a8a45fa60502941969102d8158519411c08867e37dc29741ef2853549d013d82b109e5b57d53e062f1388028a001c06503664cce16faabec323d1a5dccebd225e58e6a49072963137c6da782ff007454e59ce142842370f031d563c850443dac74ad4d21428b20e543723f386ea41de08850a210b85db6d5b549293455a9461c7830e1f422065a24076e82d069300fba9defaee0fc4febb5428c0e3a7238afbd86ddc6c096db23c97a38208cc11a1e6a62758b68a7cbc8b635e0f99fead7c6b0a143a359229c902fd2f624b5b2c73bf692cca73ed2e95ee19f7886a66ce9618a44d4983b687c45457c2142819de38dc596bd4f7065a6c3365faf2d873a547f50ca189535948652430cc11a831ec28662c8e71b60c96965dee0dac13009768c9864ae32f0ff00b4e5c2342d9fbe70525cc6054fa8fbaa7d93eef61f3850a16dfb3928ae1f6fa05fa96e39785ea2c939e63d7a17189a99d0a8cc81bcf2df58049b4c96fb4a4b457514cb153315ab9c89a654850a3647f4eaee2cb16d0df1817a24346233a7b2bc3b4fca2add2c790a0a0aa243916915a022bbea721da78f2d62bd7bed5aca1d1d98e37028661d06543847e5de774285195c9e49b8be17dee1f0932973a733b1672598ea4ebfae50dc7b0a1801e474a84e80f847b0a2d2b20ecab1bb682242dcf3bdc3e23f38f6141354411b9e70d6537857e5062e4bee7d95d495c4aa6bd1bd709ecdebdde061428b8bae0a714f9352bbf6fec73141699d131d55c1143f101848ef82922fd9133f673e53f257527c01ac285012824ac943932d110a74f850a144075a26c0f7999c790a210fffd9, 0xffd8ffe000104a46494600010100000100010000ffdb00430006040506050406060506070706080a100a0a09090a140e0f0c1017141818171416161a1d251f1a1b231c1616202c20232627292a29191f2d302d283025282928ffdb0043010707070a080a130a0a13281a161a2828282828282828282828282828282828282828282828282828282828282828282828282828282828282828282828282828ffc00011080078004d03012200021101031101ffc4001f0000010501010101010100000000000000000102030405060708090a0bffc400b5100002010303020403050504040000017d01020300041105122131410613516107227114328191a1082342b1c11552d1f02433627282090a161718191a25262728292a3435363738393a434445464748494a535455565758595a636465666768696a737475767778797a838485868788898a92939495969798999aa2a3a4a5a6a7a8a9aab2b3b4b5b6b7b8b9bac2c3c4c5c6c7c8c9cad2d3d4d5d6d7d8d9dae1e2e3e4e5e6e7e8e9eaf1f2f3f4f5f6f7f8f9faffc4001f0100030101010101010101010000000000000102030405060708090a0bffc400b51100020102040403040705040400010277000102031104052131061241510761711322328108144291a1b1c109233352f0156272d10a162434e125f11718191a262728292a35363738393a434445464748494a535455565758595a636465666768696a737475767778797a82838485868788898a92939495969798999aa2a3a4a5a6a7a8a9aab2b3b4b5b6b7b8b9bac2c3c4c5c6c7c8c9cad2d3d4d5d6d7d8d9dae2e3e4e5e6e7e8e9eaf2f3f4f5f6f7f8f9faffda000c03010002110311003f00d8f05e95e305f1478b64d53ed72e8ad7d2c6af2ddb37ee95ddb644acfbd772326d65feefdeacdb8f0e6a3e39f16dbc9e14d7efedb4733cd15e4d69a8cbb6389763232a6ff959b76dfeefcaadb7ef56868ff14f5193e223d8eb979650e81035cdabed83f891db6bbb7cdf776ffb2bf7abd0be1af872dfe1ef83e3b4676babfb8696e246dbb19fe6f9542ff0fde45dbfde6ae3955f65ef9b4bf94ea6c2de3b4fb369d608c60b38d5649677f35875f94b31ddbbf8b737fecd5b0f1c4a8772a2ff00b4cb55b4cb66b3b348dd91a5fbd23ff79ff89aa94d2a5e5da5bc451a35f9e765eff332aafe6adff7cedfe2af3a5579e449a76e629e1595235dadf7772edf96a5f2e2ff009e4bff007cd4b8a5c0aaf7808bca8bfe79affdf34df2a3dbb7cb5ffbe6a2bc7f222f355771dcaa7fdddd56e8e79400f26f1bf84e6b4d45756d3752d4d6c1db6cd6eb752ed89b7fde51bb85ff00d07e5dbf2fdd8fc21a826ab2de4025b99fece9136e466c7cdbbff89af5178e1ba8ee639112550a5248faf55fbbff007cb7fe3d5e6de19f0e47a35fea8fa6dcc33584ec8b1a96f9e0652dba26ff007770fcebd8c2d78ce3fbd39aac647847c3cd29b53f8e3ac4ad1f9d6963a85ccf2c43eecafe7b244bff007db2ff00c055ebe99bcbf377349a8865fb3c3f751d86d655567574ff00799a06ff0080ad797fc36d1069d17882ec8717fafeb97502b2fde5b759da2dff00ef2b79bff00dd5dfebe915c691711223232df3c1b3fbcbf776ff00df2abb7fe035c38cc4465291d3081a96fe23b69f46bebab59c4a2db7234aebf2efced5ff00eca99a7ddae93656f1afcf72ccad3ef3f322edddb3fde54dbf2ffb5bab3743d216d2cacb4b077a4f77e6c98fee44abb95bfedafcbff02abf7d636fa5486791b2bf3cbf37f7b733cb2b7fbdf227fbadb6bce84e3f19a4a3f6627556970b3cb70abff2c9b63545617d1ddcf771c4c8c607d8db4ff17ffb5b97fe035cf7c37ba6bcd26eef246dcf7178cff37f0aed5555ff00be556a6b88e5b1d1da08be5bdba9657de9f2b7df66ff00e257fe055ad29c611f789947dee52dc7acdaea76064b5915c34ed1aed6dcbf2caa9bbff1e56ae8abca0343a55ad969da437fa25adf5adbbb7f16cdeb2cafff000367897fe055d4cdab5d79faec1671069ecae627dbfdf89a257ffc79d5d6aa94f9e4128729b1a8abacec6de4114b3c4d0eefeeb6d6656ffd0aaa4f6097e12ee1b7f9a65cba6d5e0faff4fc2b0ffb4e59f5bb881937bc0d2f90cdf79bee4bb7fefaf297fe03576dae566592dc34f2341236ef220f37ef73b8fa06c6ff00ab30fe1aea8199c7e8971143e2e9976810696b3cbf2ff1bfcbbb6ffbcd3bff00c0ab57414bb8bce8f528925bd5d41a79551976ee6895be4ddfefff00e3b5cc7872d66b6bfd76e6ebf7b2c578ccdf3fcbb5af372fcffdd5545dd54ac359bfd2e4d4a2995a7bb9d65b879257dbe6ca8916e55fbfb76abafcbb76fccaabfecf9d561cfcfc87a5cbcdef9de787b57496f26b996dae111604dbb22f37e7959a56fb9bbfbc9585e32f10c1abbc963a6ce93abbf952bc4dbf6aaed66ddfdddccc89b7fd96ae1f47d535db1d360935fd56c3c3d65796cf3dac2d62d7324ad12c51345f2b236e555fbabff8f6d6ae1fc09e359354d794eafa54f25cc9f34b7d632bcad126f5fe1ddbf6ee6f9b6b7f17dd6fbb5bc3013f8a4610ab4a323e90f86b2f95a4dec6ff00792ebff6944d599e2bd7c1d767860dd23c0a91471afdf7667f9957fde6d8bff01a596fbfb064d49ee24431ac115d3b45f75be565f976fcadf717f85777f756b0be1bda3c975aaf89b565764b35698fc9f334acbe6b6d4fef2ab37fc0a53fddae6f6529d5e437f761fbe36adf4a920f0aea027646b882e55e565ff9ebe6ab3ffe3aa957fc3576dff09adf48ff0024379e6c4bfedb44fb57ff001d57aa47c44b0784a589ec24967664f365fb440f179af2afc9f2cbbbe567dbf77f86a5b74fb268fa2dda44ced673fef2756899155be5676dadfddddff7d5764a9727c06119739d1d9410cbf68bb454f352fb62b7f12ed97637fe3b59de1d82ded2070acfe738567f9bdbfc77565f80b5dfb62c088db7cd9e5b865ff7959dbff1e75a9bc3322e2659d7e75441fab573d3ab2e62e187fe6332dbec9ff098eb7a63c9b95765d4e92b7fcb268be6dcdfdcdcff00f8ed65f8abc88e19e369631a90f917cc9157ed8bf2afcaacdb3cddccaadb7ef6e5fef2aae95bea1697be27bb682d952475581ae9624db2a2cabe6c5bb76e665f29b72ff0eeae2bc69136ab16997d133ed6827ba565fe1f9f72bffe814559fb2aa6f8784a7f11ea1a4e876baae9309798cd0964b8b75906e485b6fc8d1b2ed656dadfc2cbf79bfbcdbb7f4cd0a0b194ccc90bce576acac9f32aeeddb577336df9be6ff7ab07e1f6a22f3c3f6528640acbf701ff0054dfc4bfeeab6e55ff00676d76e8fb96bd1855f74e3af4bdee7385f1af87a6d67c4fa5c0abfe852ffc7e37fd328995d57fe04cdb6b6b51d15a5d0ae34ed2244b792562eb2bc425d8fbf716dadf2eeebf7beeb05f9597e5ae881456f9b6abb7cb52938a2108c65cc44e5297ba7cb1e24b2f135c68767a56992ebb65addb4eff006bb9b9d65a251b5df6a2c0aeaaa8df791957e6d8bb6bb1b7b5f19683e199b4ed65ee353b0b8d1da4ba92ea5df2d84fb36ec56fbd2ab37f0fcdf77ef57b23e990e11e17784a2e1366d6dbfeeee56dbff01ae13c4fe25d359afb489af5e5781d5278a28da460ec772a3b3fcabb576fde6fbcdfeced3acaac794ce9465cc725f0de457d66f60dacbbada5da9bbeeab4a8a9ff00a13d775e1fb2333ea17ee8cf1cf72e89f4563cff00e3d8ff0080d70bf0de2ff89ebdf3ab44975123a2bb6f6dab2acbf7ff008be5476ff81d7b1c3686df46d32de35c18a1556faed5ae5c2d28ce5cc75622aca123c8af40f0e785358bc8ee92fa55bdbc67688ffa8768a79562fbcdb997cd55ff0081ff00b149a7cb67a8f86ac9a056546b3bab789595959551d5955b77cdf7152bc8fc4fe258749f117886dad750bdb99bfb4252a8555225f99b72b6fddbf6fccbf32edaeb7c1be2db9d5b568a7bf99a5fb679b2ab4edf3332af95bbfbbf3332aed5555f916b3c661e5cbce6f8797bdf11a1e0cf1845e19bd7b7d4182e9b3b6ff348ca44df2aef6ff65be5ddfddfbdfdeaf75b6956f6da3315d3a23ed6596165f9bfefadcacb5f2fdbcaacd15e4adb7c8bc6899bfbbf3baaff00e848d5e85e19d56fb436f2ed155ad777cd6adf2a7fb4cadfc2dff8effb3fc5452f72274d6a3ed7e03d7fcd6792249bf7af136e8c4f6ccacaff007776f5f97f8bf87fbd5ab6f24a108b84895ffbb1beff00fd956b8b87c6114b127d9edae9a565f995d55555bfda6fe2ff00806eac9ff84a2faf3c451d8cf711416aacbe7ac4cc8e9f23b3233ffb8a8df2edfbd5a4aa9e77d5e4747e37f123e95a6cb1583236a4dfeab77dd8bfda6ffe26bc46d249e79123692596de58d5a2f3e5899d56595959dde2f9bfd6f9bf3b7f0edfe2dd5d6eb8d3deb5cbcd66b15abc1be3b3dbb1b6b34accf2b766da8ecdfc5ff03f9562f87de1c8750f1040d731cad15b3bb16697779eebb57737cbf2ab2344bb7fe9937f7be7984bdafb86f0e5a50e73a6d274f6922d1fca8de269e796275fe2d9b1d77ffb29f73e5ff696bd2756ff00965ff02ac5f0cc6b7b7b7b76df76daf278a2ff007b7bef6ffc7957fe015b5ab7fcb2ff00817f4aeec3d2f6513cfab579e47c0fe37d27508bc41af5f5c58dc45632ea7748b3b44db5bf7aff00c55b0d1ea97dade99268706ebab9b389e2556daabb1d5b77fdf4abff007d57bc78f3c3ebe23d626d2eded225b07b45f3ee5245dc926eff0054abb7f876ab6e66fbcd5ca4be10d57c18b14b12a5e5a795b1599a54581f7fcbb36bababff00c0bf8deaead5e635a5ee95fc3de11b8df65a85ec513d96aba8ec96d7ef794cd2eefbcbf7be54dbfecffe83ed83c0fa5ca8be52cb6adff4c1be4ffbe5b72aff00c06b97f0fa7dbd74f92c7f7c21956e645de595f6a3aafcdf336e46645656557debf75976a57a6e997d6d763e472b37f146df2bff009ff76b284398a9d5944e513444d22690dec8b25b2c6d389550a7ca9f7d5d7e6f9b6b6eff006be6f9576fcdc2f872c9b56d46eeea48a58aebed4b70f1eed8c92b794ab13edfe0fdebff007be55fe2af5ff14d849a8e89751c0bbae363f948c7ef1dae9ff8f2b3570be1c821b8b99cac48b2de6a76f2b83fc69045137fdf4aedbbfe0347b2811f58972fbc6ae9d64d1eb772d7d0344f22fd9e3497eec8aca9bf6b7dd6fb8bf2fdef95a9bf0fb458f493aaadbbbf9af3f94f232eedf2aee6dfb7fda465ff00be6bacf156909ade817b61f26e9636f29bfb92ff000b7fdf55e7ff00073c4173a9d9ea169a833bdc5aca8cd2cbf79b7eef95dbf89936edff00be6b2952e4f803daf397b40d5bfb2755bd87e6fb234f299377deddbdfe7ff7bfbd5dcdf4cb345049095914eee6bc965ba5fedbd4137fceb752a7fe3ef5d4689a84c96cc91cecaa0e715ec54a31e5e63caa5565197bc78deabf11fc4b61af6a7169d67a1db5a41712c512cf6f2c8ecaaccbb9995976eedbbbe5fef57a0fc39f8a363e27bd4d0f5db38ec75495711c61b7c175b7ef2aeefbbfeeb7fc059abc37c4d7d1378ab5681254f356f27f9777cdf24af5cc5e5d4b0cd14b6d2bc571048b2c12a7de8a556dcac9ff00025ae5e53bf98fab9bc353e85a9ff6ae99e54779f695816468be596295b6ec7fe2daadb3fcedd9dbb585a6a70457461db2caab2ab7f1fddf9777f7b6ff00c0ab9ad03c48be31f84f06bc9f25d7d9bed12244bf76781b732aff00c0d2bb5d2616b6d2ed2097efc512a37e0b598be2331ecb52b51fb8d4098939fdebe33fefb32b7fe3bb6b8af06cf3db6bfa7ddeabe527fc243035d4117ddf2a5fbdf7362fcdb1be66fef7fbd5e8dae00fa65c467fe5aaf95ff7d7cbff00b3578cebd79249aa5ac93c423b6d07535b09597efc6ad2c48aff00ecee49432ffb9bab7a6667ba018af25f00e98fa678e7c70a576c5f6a4dbff036797ff4174af4bd3676b8b4fde91e7a398a4fe1f997fceeae78c11c1ad6b122fcaf3dd2caff00f7e225ff00d92b97112e489d387f7a478d4dab2a78a35657dfb16fa74ddfc3bfcd7af43f074fe6add37b27f36af1fd4e755f11eb689b3635f4fb97fedabd779f0be77dba8f953baae22e3fefbaf6a70e7a513cc9c3de3c4755f0ceaf0788fc4b7a347d4a5373a84fe532d9cadfbbf35995fe55ac1bdd0b5e77f9341d65bfee1d3fff00134515e79da7befec9b26aba659788748d5f4fbdb381258aeaddaea06883eff91b6ee55feea57d07e7c5ff003d13fefaa28aca62296a6d1490c4819199a789fef7f7595bff0065ae1f59f05e9faa789753be79268bed11c52caab2ed8a7755dabbd7eeb326d56ffbe28a2aa008eab4b9ff00d2a29db212f60595d7b2caaabffa12b7fe3b59fa836ed5ae9955f6ee5dbfed7cabf768a2b0c57c06f87f88f9d759d3355ff848f5668b4abf647bc9dd596d657565f35fe7fb95dc7c34b2bd46d484f65769c45b435bb2f1f3ff00b34515eac2a4b94e69fc47ffd9, 0xffd8ffe000104a46494600010100000100010000ffdb00430006040506050406060506070706080a100a0a09090a140e0f0c1017141818171416161a1d251f1a1b231c1616202c20232627292a29191f2d302d283025282928ffdb0043010707070a080a130a0a13281a161a2828282828282828282828282828282828282828282828282828282828282828282828282828282828282828282828282828ffc00011080096008903012200021101031101ffc4001f0000010501010101010100000000000000000102030405060708090a0bffc400b5100002010303020403050504040000017d01020300041105122131410613516107227114328191a1082342b1c11552d1f02433627282090a161718191a25262728292a3435363738393a434445464748494a535455565758595a636465666768696a737475767778797a838485868788898a92939495969798999aa2a3a4a5a6a7a8a9aab2b3b4b5b6b7b8b9bac2c3c4c5c6c7c8c9cad2d3d4d5d6d7d8d9dae1e2e3e4e5e6e7e8e9eaf1f2f3f4f5f6f7f8f9faffc4001f0100030101010101010101010000000000000102030405060708090a0bffc400b51100020102040403040705040400010277000102031104052131061241510761711322328108144291a1b1c109233352f0156272d10a162434e125f11718191a262728292a35363738393a434445464748494a535455565758595a636465666768696a737475767778797a82838485868788898a92939495969798999aa2a3a4a5a6a7a8a9aab2b3b4b5b6b7b8b9bac2c3c4c5c6c7c8c9cad2d3d4d5d6d7d8d9dae2e3e4e5e6e7e8e9eaf2f3f4f5f6f7f8f9faffda000c03010002110311003f00faa28a28a0028a28a0028a4a6b36d151cc20ed4942b5798fc40f8b3a27832f7fb3655b9bed4913734107fcb3f93726e66fef7fc0a82a31e63d22e278ad606967648a245dccecdb556bcbb5cf8dbe18d32efc8b6fb56a017efcf6aabe57fdf6c7e6af08f1f7c49d67c60de55d4bf65d3f76e5b3819b6ffc09bf89bfdeff00be2b839a56d8ec8ff3d4ca675430ff00ce7dc7e0df19e87e2db3f3f45bd59760fdec2ff2cb17fbe9fc35d3d7e7ee81e22bed1f548b53d22e5acef60fbb2ffec8ff00de56fee57d79f0a3e2558f8eb4dd8fe55aeb502fefed777fe3c9fde5a21332ab4b93e13d2a8a6253eb5310a28a2800a28a2800a28a280128a6d319aa273e51d873362a09a55a64af54753bd834cb2b8bcbd9520b48119e5959b6aa22d6129f3fc25c62723f133e27691e0983ca9bfd335574dd1d9c4db5bfde76fe15af8fb5ff00105deadae6a1a86a2cad71793b4aecbfc3bbf87fdc55f97fe03577c5fafcfe26f12ea1abcaaea9732b344aff00c317f0affc05765615c2abfdf54a3ec9d508720efb7c4dff002d52ae69d6579a9c32be9f6f2ce9134492f94bbb6bcadb57fefa6f96b05d62dcff002ffdf2d5ee1f05534c8ec5a6d3eca5b6badc914ed2de2cbf6978bf7aae916df9366d56dcdf2ff0fccd59d7afeca9739a463291c0599b9f0278f11b508e2965d3e454bcb64fdec52c4eabe6a7fb5f2b7fdf55ef5e22f8436b3496de23f86ba9a69b749b6e2da35937c0dfddf29fe6dbbbfbbf327fb35e6df143c2f63a96b5757373789a6186096791d6d176caeadf36e956466766f9976b6d65dabf2fcd59ff000f7e2df887c17a5c5a5ac76daa6951be63b79999248c72db165ffd9595bef514aa7b5a7cc6556328c8fa4be1c78e9f5a9a5d0fc456cfa5f8aac57f7f672fcab2affcf58bfbc95e8d9af0ed0fc69e0bf89b3e9f6d74f75a4788e16df66cefe54f13ff00d32957e56ff73f8bf892bd96ca3920b586296769dd170d23afccdfed574c4e391768a63d3eb5105145140051494d6a8e610c95ab3356d4acb4ab096f752bc82ced625f9a59e55555ff00813568b35715e30f05685e299a2975db69eecc5fea93ed32a229ff006155d5777fb5584a66b189e6be34f8fb69034b6de13b17bc997e5fb55d2b2c5ff014fbcdff0002d95e21e2ef186b5e269d65d7f5279f636f8a0ddb515bfd855fe2afa0f50f82be0a7466fb36a56bff005caf256ffc75b7573d61f0bb41d0fc456b796905fca9136f56bc65dbbff859576ab7cbfed7cbff007cd7357c552c3d2e73b2952e63c96c7c15acde44b2adb3ac4cca8aeeaccdb9ababd2fe1adc4103b4b1a4b70df22b4aaaaaabb977322fcdfdefbd5ecbe5ab5b45e56df92764f97fd956a11955e05fef472fff00155f315738af57dd3d8a54a9d2f78e2b47f07c173a124570bb6fe35565f2a254647ff7bf8bff0089a4b4f0f59c314a8b14b05c32b2baeedccadb7e68be5fe16fbcbfdefbb5e9e743f334e81ace558afe2891b77f0fddfbad5cddc5dc0ba9b46cd124acbb25895977452afdd6ff00d97fe04b535fdbd2f7e7f08e962233f80c2b6b38a7b5fed0b8b38a5859b65cabaabb4a8df2b337fbbbbfef9ae03c47f03754bdd7271e181689a7cb8789e69b6f95bbef27dd666dbfc3fecb57b3695a7217bd8163dd6f3fef76ff000ab37caebfeeb56b69d2b5a08a3676dd03794dbbef7fc0bff1cad70b984b0f523287c07362a3ed8f24d0bf66c9dad0ff006c78976ccc9cc76d07991aff00c099959bfef95af5ef03f85bc57e1b54b7b9f15c7ad6969f752f2cdbcf5ff76557ff00d095aba8865dcabfc2b5a96b2ee5db5f5787abce78f563245aa28a2bb0e70a28a2800a632f5a7d31bbd44845699b68359ef2323fc8aadff01ab970d5c2f883c42d14af6d65b772fc8d2fdedbfecd79d8ac44697c6776170f2abee40d9d47518a00ecf2c4b2ff00d356dbbab94975781b51b85bd951376c48377dd6f9f6b6dff6bffb1ae551ee64bab89aea7695162f377337c89b9be5ff00c77e6abb0c53cadb564789dbfbd12b2b7fc096be76be2a5565c9089eec3010847e225b3be65d52eac656daf15e4f2fccdfc0cadb7ff42a9bc3f2b6afad2f92dfe8f141b5bfdf765ffd056b3ae9165d696e609629658977c8eadb95be5dac8bfdefef7fb2d573e18bde798a22b358ed236fde4f237cd23b2afc8abfdd5f93733376daaadf7ab1c3e139ea8eb3e4a573b6f19f8767d7f4a3676fa84d659571fbb3b3cc72adb55b6ff0eedacdfdedbfdddcade73e19f8530e8b6af0cb7d3cb2fcceabb155629f72aaca8df7beeab2edfbbf3357b543ba488b3545f6556df5f43cfcd4b90f0612e491e7da16a6da6c32c97a70d6676cff00f8f2eeff00d05a9b717eb797d14a8db62bb664564f9772ecfbd547c64cb1cfe208cfcab2cb145ff9097ff666ac8d0d9a5b6b399ddd62b34655dfb7e6dbf333ff00c07e55af9babee43d91eec294671f6d23d76c17744926d6decaacdb56b62dd1942efff00be6b8ff0b6b8d79025b5c234176a8acd17fb3fdeaeaa276ddbabe9b0b57dd89e2d784b98d206a51d2a08a4dcb5257ad09f39c121f451455884c535a9f46da8e511cdf8aaf96c74c96676751f773fddff006abcc956299cc6b3aeff009776e6ff00c7bfefa6aeebe222a7d8a02ff77cddbbbfbb5e65672c7047048eabbbf8b72fdddadffc4b2ffdf35f33994ff7bc933e9b2aa5fbae735eee25b6b89a18a37b91772a6d68b6ed556555556ddfeeff00e3df2d7630f852dd6c3caf3e54f9f7fcbb17e6ff00be6bcc2daf75191a2b2d2e356b96be65f3ca33c702fcefe632afdedbfc2bbbe66dab5ec7a279c9a5c105ddd49793aaed6b86454691bfbdb5576ad5e161197be638f9d4a5cb03caf56d2b518a79edecb4dba7b581fe59db6c4a8cbff3c959b737fdf3b7e6f96b43c03e225378b6578156297fd54bfdd97f897fe05f797fdadf5dd35f5a4bac7f66f9bbaebcaf37fd9dbbff00f42ae43c3de1081af35db6dcaad15caf97feeecde9ff00a17deff6689e1f96afee8258a8d5a5c954f498fe6db8fbbfc5b6a9eada941a640bbb679cc8cb144adf34acabbb6ad79678bdb54d2acf769f733db5dc4ce92ac4db777f12b6dfbbff00ed545f076def35bd7f56f116bf3dc5e5c4712dadb79bfc29f7df62fddfbcabff007cd694b11ed79a0734b04e10f6bf649af525bb17124f1ed9599b6c7ff4d5b7aaa7fdf4dff8ed755e16d2a3b496582483743045e57cbb7ef7cb5ab6da07fc4d8dfcee8aa9feaa2dbfecfdf66fef7cd57e4bcb28ace69227f362895999a2f9be6ff7beeeeaca960b925cf32eae2f9e3c90312e62d3716f6d633b457adbde05fe28f6edddff0001ff0067fdaadad0eea59e2786e36a5dc5f2caabff00a12d61eab673369f0ea491ed95655b88bfbd12fcaac9ff00024dff00f026abb3bc22083598dd022c7be5ff006a2fbcdff7cfdeff00bebfbd5d918724bdc39e5ef40e9e1665f9777cf5754715956fb9995919597fbd5aa8db92bd1c39c55624945145751985319a9dd8d5695f6ad44a5ca38c798c4f175afdb74c96d957ef7cdbbfbbb6bc9840a2ee4b69c7971799b5bfd9ddfc5ff7d57b44adbebce3e23e9d616b0bdef9cd05d6d6f9557779bfef2ffecd5f3b8ca5ed65ed4f772bc47b1fdd15fc15a60b3f116ab6970cbf68658a55ff00a6abfdeffd06ba5d7f4fd4da2ff4091b66ddac91b6d6ff0080b7f9fbb5e5d69341fd9916a97ab75797b3b32456d6aacd2fcadf32aedfb9fed3fcbb77fdefbb50f88bc71e21b6892d27b18acd5f6bf94fa84ad3a2eef97732eddadfeceea7461ee1d15a9559d5f88f44d36d8787eda6d46f93f7bf720811b7348edfe7ff0042ab9e13d324b5f36e3529d77bfcf3fcdff2d59b77cb5e376173a85f344ba95f4f3caeeabf34acdb55ff0086be87f0fdac7f60b76f2a28a28d7f7112afdcae9c3c7df39b1f09d15cf3fb6606ada536b177035d7fa2daf9bb553fe5abfdedbb99beeffb2bfedd69ff00c49bc2b61cf916b13b36d445f9a57fbdf77f89aae6b7e5cb6f7113fcfb7e7dbfc5bbf86b80f14d8c92cf15cdd4be6a417315bcbe6aef664dbbdbfddab9463091e7734a713a2b6be93c47a8cd6d711cb05ac0a8cd07dd69777f7bfd9ad2d4ed5269ecaca3544817f7acaabf2fcbfe5ab3bc2be5ea1a7452ff00abbab6fdd2cabf7b6ffeccbfecd749608cd72f2cbf2ed455ff0067fe03fecd5421ce3a9ee1c978fbe257863c14df65d5ee5e4bcd9bd6cada3f36464cff00df2abf2ff132f4ac1f02fc45d03c7315f69ba4c1796714506df2ae5151955bfbbb59be5af12f8d502b7c60f11cefbf77ee9577ff0077ca5fbbfecd6cfeceb66b3fc40b87f93ca5b195d9777def9d1153ff001faea9463f00421cb0e73e8af09ffc822d537b3a44bb159bf8957e5aeaa30bb3e4acdb648955762aaa7dddab5a16ff0071fe5d955878f24794c6bfbc59a28a2ba8c06ff0d56953e5ab54c75dcb594a3cf11c65ca735ab6ab6da75adc4f2cbf244acedb7ef2d78578cf5fb9d617cc957cafb4b7cb17f76257555ffbe9b77fe3b5e99f19a493fb152d225f91e54967ff006537affecdb6b88f09f85e5d635d7fb544eb6be6bbcbbbeeff00b288dfef7cdff01af9faff00c5f647d265beca952fac4c97cb8f4cf0fbcf7d732e9f6512f9b797516e59655fbcb12b7f0b33b7dcff00e2ab82d76fa1d412d7ec765158daf9a8eb17cad2b6efe395bf89bff41af7af19786348b9f084b6b7e970f6566df6b658e5f9a568be6dacdfed57906abe237bb816db4db65d3b4fddfeaa2fbd2ffbcdf7bfcff1574423c902b095fdace538c4834b655d4ad59dfe4f353ff43af66d1bc69a63ea517876d67f3f5a107da1a2556d912efdbf3b7fc097e5af0ed39b75e26dfbeb2a256ffc25f0fea77df18f58f114b1bc5616cad0995f7625dcaaaa8bfdedaabf37f77e5adf0f0f78cf35f823ce7d009070aa9b19b76e959bf89ab9b6d1678f4cd597509d6f1e7ba6ba56d9b76afcbb576fcdf75576ff00b5ff0002aec42aeddabf76a95b5caf90777cdfbf64ff00c7ab794398f1232e5399d0ecff00b2267897ee2b336efef45fc2dff01aec56257dbbfef2fccbfecd51b8b6dbb3cad8b2c7f344dffa12d6178b7c63a3783b4fb4bad7659638aee5f2a248e2695b7fdefbabfc2bb6a694397dc2aacfdafbc7cfbf1dfc3dacda78fef352bc8e3fecfd40a8b5b856545de8aabb1b77dd6f9777fb5fc356fe0058cf67f10a6fb5b2c4eda74a9e533ee664df136ef97e5dbffc5574de34f8e1e13d7747bbd32db44bdd5eda55d8cb73b608987f7f77cccbb7ef6edb5c47c019d13e244cb6eaf143259ca8913b6e645de8db776d5ddf77fbb5ac8da94e5287248fa96dd97e4ad98fee560dbb7cc95bd0fddad289cd547d14515d0601451450072be26d0df5549a246db14f1244cffdddafbbeed6668de1ff00ec39229625dbe6b2fda5777de7dbb77ff9ff0067fbb5dcb7dc3556e23dcb8ae0ab878f3739d14abcb9790e2fe2b6af1691e03d62e1d773b40d122ff799fe55ff00d0abe71b793722b7fb28f5f406b3a249a9dbeaba6dfef659e3748a57f9b6aff0edff007772eeff00ec6be74b646815e297e5789991ab9a703ddcb392113bdf841a2cbabde5eea1749b6d54c8c9bff8f6fcbffa17cbff007d57b7f84b4ffeca855776ef3e3597e6fef7f17fe855c17c17bb81fc009fc1713a344c5be5fbbb9777fe84d5ea16cd232aecdadb576fdd65aaa5c90f78e3c7d59ceaca332e33f15c8a6b0b06a2f149f72296597fdeff002d5d2dcceb1c52b3fcbb577b6eaf34d302de78a5437dc5fdeffb3bbef7fe85ff00a151567ef7b872e1e11947df3d36dbe7817cd3b656f99bfd96af8dbe3ef883c4171e31b8d33c4eb6d1cba7864b6fb346d144d13fccb2aee766dccbf7bfdddb5f52585a5edbeb135dde4f17d9dbfef9ff0076ab5df84f4af1078aad75cd52d22b8b8b0ff8f6597e7dbbbf8997eeff00bbff007d56f4aa9128f248f8d2d34bd42cec96e6eac6e20b79f67952cabb15abb2f83d78d67f13f42dafb56595addbfdd6565ffd0b657d45e29f0a69ba9dbfd99e045f3f72bb2aff0006dfeeff00bdb6be56f1e6847c11e27b79ec275675977c11b3b6e49627ddbf77f76884b9cda1cb28fba7d996e8a8df2ab7fc09ab4e1fb9595a4ce2f2cede711b47e6c4b2ec9176baee5ddb597f85ab5d7e55ade89c3566494514574198ca7d328a00762a2953754d49512873018f7106e962936ed75f9b737cd5e2df157e1b5fdecf73aaf853c8569777da6d25da88cdfdf46fe1ff00695abdf1955aaa4b07fb35c756948e8a15e54a7cf03c17e04d9788b4417da56a7a2dc476e2569525936f94776d565ddb9bfbbbbe5ddf79abdd634fdef9bbb736dd959b3d898155a089993eeb47b9b6aaff007957ff0065abb692ab45bb726cfef2b5733737ee9bd6abed7df24ba8a39e278a78d1e26fe165dcb5ca78734d8a2bcbb89a3465ddb3e6ff0067ff00da5aea279d551f6ee976aeefddaeeae5ac2f62fb3c723abcf2cf3b4be5afde58f6ec666feead1f6a214be137ed2c61b1697f7f2cbe6b6fdacdbb6ffbb4cb2d4a26ba7b6bb8e2825dccd12bafcceabf79eae59cf6d15aab5bc1e5237dd5f2bcaaa77ad72d09b982d92e6e17e58e356f97ef7f7aba794c39b9fe23424452370fe15dab5f347c4dd25b58f8dbe0fd22d544b70d3b4b3afdedb179bb999bfe02af5f4e46b3491af9dfbb6dbf3a2b7ddff815731a27c3ed0747f18df789ec619d356bb89e2959a56957e62adbbe6fe2f916b585227dafbbca75f12d4e291176d3c9ade11e5339486ff1d147f1d15648945145414494514559214c65a28a006344b4c6b68d9f76c5dffdea28ae79a1a1fe5ad4696d0ffcf24ffbe68a288219205db4b4515403a9f4515640514515630a28a2803fffd9);
INSERT INTO `user` (`icNo`, `userID`, `userPassword`, `userName`, `userResidential`, `userFaculty`, `userEduLevel`, `userAddress`, `userTel`, `userEmail`, `userLicenseNo`, `userLicenseValidDate`, `userPosition`, `icFile`, `licenseFile`, `cardFile`) VALUES
('981403048872', 'B051763568', '123', 'Syafiqah Binti Fahmi', 'Non-Resident', 'FPTT', 'Degree', 'Lot. 5766, Kampung Banggul Gajah Mati, 17000 Pasir Mas, Kelantan ', '0186546898', NULL, NULL, NULL, 'Student', 0xffd8ffe000104a46494600010100000100010000ffdb00840009060713131215131112151615171818191818181717171a18151a161716171a1817181d2820181b251d171721312125292b2f2e2e171f3338332d37282d2e2b010a0a0a0e0d0e1b10101a2d2520262d2d2d2d2f2d2d2d2d2d2e2d2d2d2d2d2d2d2d302d2d2d2d2d2d2d2d2d2f2d2d2d2d2d2d2d2d2d2d2d2d2d2d2d2d2d2d2d2dffc000110800a8012c03012200021101031101ffc4001c0000010501010100000000000000000000050003040607020108ffc40046100002000305040607050605030500000001020003110405122131064151611322718191a10732425272b1c1142362d1f03343738292b22453a2c2e183d2f115254463b3ffc400190100020301000000000000000000000000020300010405ffc4002f110002020103030106060301000000000000010211031221310441512213617181d1f014233291a1c10542b1e1ffda000c03010002110311003f0087225d6216d05b8499645732376a072e6741dfc2148b63229a538d4c53f686ded366104d69afc5ddc34f183c98dc76178b2298327cd2ed88f8701c047148e808f6916950c38a45ab662455139b1f26ff0088acd22f1b172aa92be27fee684f53b43e61e3e473a3caa7219924f0d6015f93490a309258d25cbdee7df71b946e53dfcac1784e12d54b2966394b943577dde1ad741aeb48077bc969285a6306b54faad774b97ed05e000cabce3a53da15ee3938f79dfbcac4ab380c589c414d2bb99f534fc238f6718696b35f33d519b1e43530add3b445c80cbbb9f33a98569fbb4e8c7ac685f9705eed4c613a64dc759608c831341c15720218bb855ddfdd07cf21122d1d5503dc400f6e1c47e711ec5948277bcc0bdc057eb1658bb7b4febc620bb176a0df9010e5a676469bcf90c87ca085c3660034e7c82e43ea7e915c907fec812584d4b1cff11e1d9c7956205e56afdda9f888de780e421db6dbce6464cc2807b89ff736bd94862e8b20625df244ccf33b87ebeb11f8442558e48932fa499a9d06fe4073302ed569676a9ee1c043b78db4cd6ae8068380fce1ab2599a63055d4f90de4c53f08a1cb0d90cc3c00d4f010e5b6d629d1cbc9079ffc4396fb4aa8e8657aa3d66f78efee8856790ce68a3993b80de4f289c10e65a163410e4d6f6173fa98767d10615d4ea79459361f675a6b09a57894077d356ecdc39c5374828c6dd15e93656566afb2709f8b5a791884e733168b4d9e9271ef79d34f99503fd3157719988b8249512a47a87b7f282489ea0e249f3a7d206d97d5a7e21f43f48334c2493fbb4af7d2bf3306888192daace7f118bffa3fb4a995311d80c2c08a9dcc2997f4c67976fb5ddf58b66c66735c714af830fce0b1c75c9215967a20e48d0e4856c94d63cb505406a45781303e52953511e4d52c6a6357e137e7630fe37d3c6e3d66b6ab1a30a73dd11efb009551bb33df08498464c3174f152b42a5d54a51d2c162cf534e208efa547981e314dbfa4619bf1007e9f48d11e5d33e143e06bf48aaedbd930ba9fc4c3c68c3eb18ba98e8ce9f946ee8e7ab135e19542224ddf69c0d9faa75e5cc43348f088171b54682d8998e7f3e063cc103ae4b5d4603aae9cd378ee83f36c8c0e639e59e5da21f8a7a953e518b3637096dc0736a272c8b2bb00012428cb7ebf4a77c6582353f48365c5612c3d8746ee2701feef28cb808cf15dcda84047548f408f6194439a45f7604551393b0f1cfeb145a45cfd1e4d1d61eecc46ee200ff0061847530d58dfb8383a61bb1dd411da6312f3092031f61031a228dc38f13998a0df57874b3274ff6140497d95213fa983bf64be717edb5b5f41679d43466632d791724d7b92a7ba333da05e8e54892010597a671cdfab2d48e2a8a3fa8c6ecb35ece29784ff7e0e66083f6926fcb5fb73f406d845314e6cf0fab5f6a61d3c353d838c46405dc5732cd9f693052f2b36194a9bd35e6c698be83f96205da2b3a58fc6bfdc23135d8e804af739cdf8a9e145fa442b44ca4a9207076f162a3fb6245ecf5c7ce6b7f73442b6b7a83822f9d5bfdd16cb64702b9413bd2d38556427aa9eb1f79f7f756b0c5e167594caaad89c28662082031cc2a91ad052a78d7844593299d82a825988000de4e90364aec780163bc93f33046f39b814485f6737237bef1d83f5a419b7d916c72c26466801e61fc66a2520e428cdcf003112e8ba68ab3e72172e692656f9cfc5b84b1a93bfe72f60b43ba049b19540ef50585517791ef9e0bf3f389539fa097d1afed1c55cfbabb97b78c17bf7fc311d210f689831cc3b940f525af05a8a9e2129a180363b363c5366d7029ccef7739845e6779dc2a780313dac928d3a2359aced31d51016663400718357860b3a7448416f6dbde71b87e05f33052459858ace66b8027ce0683fcb4df4e7a788e0602d96ea993de5ae8d37351eeca1ab9e5a81c6879455f72f4b5b771fd97b88da5cbbd7a353d6fc4dae11f5ff98dab67aecc12f1d2848c87041a7ebb22bb609765b32a2cd9892a4a0cf11cda999000cd989e038c119fb61327756c767c09fe7da032ad3f04a4ebb65a5690a6ef71da34ad2b92a3b417719761b2cca7ac92e61f8994961e2c3c62817bc9c13e6af076f0ad47946c16eb9926d870bdb264d9a9294cb46a4a96195410a25a800934a558b6e8caf696ce15e5ba8a2cc948f90c81a6161e2b5ef838c9303242495b447b99714c553a0388f6019f9411bce6d24b1df31bfd20fe711f67e493d211a901076b1cfcab0ded04f05c22faa8283f5e27be1dc444f623591a88e7b3eb162d8bb5d2d72d0fb6847795c5fed11599198c3c4d4f601166b96c84597ed6a2ad679f2d8d3532c2a871e60f7183c37a935db7139daf66d79dbf734ae8a1745161ba6e169cb8fd5422aa7dee6070e713e46ca1c5d7355e5918ea4b3638ba6ce347065924d229fd144abbaee3366051a6f3c045f12e09007ecc77d4fd61db3ddf2e554a80b5d633cbac8b4f4adcd31e8a49ad4d501a46cec9535c35edcc784655e902c9497cd4a57b40287ce35fb5dfd254d16ae790cbc4c667e90e8f2663a82013500ea3fc47e51ceea2391384e77cd6e747a7962f54615f232f2239221d2239221c30f24cd28c186a0fe8468973df12fa25c6d4f772ad5751e1a774672627582f432d70e1a8a9233d2bbbc6be309c89f28b55dcd9af8b074d659f286ad2dc2fc58495f30230d43500c7d0f638c2affb07416a9f26940931828fc07ae9fe965838024111e811e08e8430b14587626752795f7d0ff5290479628002255d369e8e74b7dcac2bf09c9bc8980cb1d506828ba6587d2a3b9b559c1a99331166e1d0161547ce951d50077c56e74ffb5de0d32814556818e430854404f0c548bdfa40b2e3b359e76a654c7947e19803827fa00fe68ceeef5a24c3bde653b9333e6ebe108e9f2396349fdd072c31d49ae493b67459ae8a6a159501e3814027b4b027be015d6693a57c6bfdc21dbd5bd51cabe3ff00888729f0b061b883e06b0c93b958a4b4aa26dbdaaa7f88ff0033f9c14d90b22b3ccb44d1597213110730582d1473d09f080b69995048d0cc63e3489361be1a5d9e7d9c28227747d6de981aa69f10c8c0cb70a2d276c1f35cb313415249a01419e790dc22dbb21704dc22d4b31259a9098d31023426b5eaef15ed81b775d34b1cdb5cc0698d644902a314d6eb3914d42a023b5c708b96c76cdda2d82722da1a5e0968ab2d4a9c26637452c3330a951462d4cfab96b14d36b62e0d276ca94be92d333a6797d32f48312ab04c6d4a2aa839901541ec274d62c9765fb2126335a95e54e3d4eba10b2d772252b414a124d2bae94887b55ffb65b7ec766b499f2a5d01185159598d5d31019b568491d87310fde37cabd967b2b12f802b2b23ab0573801356646d4d08a40c931b0925bdfee546f09cd6bb5315d663d16b900ba2d7800067df16cb8eed42e8c7291210bad7206ba4c6aef6c2cfc942080fb2d71f4aa1896066b9452091494aa4cf6e608213b5a2c56f90f3fa1b159a9d25adf1b5344903d5ae792845069c108df11bec482a5a982a44b3785a5e74ca8b34aa93bba8b9d2bbb2cc9dd5e62255d126d534cc9c81642cd20098cb89fa319224a4d00a0d77ebba2ddb45b309679767bba4b1656633a7d1684c895840c641d1a6bf8d3dd11392c535ff006121a630040cc220cb42ed90d069539e948094bc0cc714f76caed8ae4b3ca70d3e636220b34c7fbc9941c2b929cf514a6f26084fdb4bbe52e1b359665a9b7b39a2d77f5dea2bf0ad22afb5165b425a165db590624598252302a2accb47a1eb30c3bf4ae8226ca912f0561d0c17bc99b7a5e9bf10de87491c36dd5a9d70c9b1d8970803099659f4a56a48535e42026d07453ecc5e4861d04c3547a07497368c410a2940e6828341bb48b5fa3db04b9b7a4a4992d5e5949b8c30046112c9ae7a51b067126fed9293679b68b4b1a4a9a935565835c32aaaa9d6d4b10011afae06a2a6f34238f8324b14a395e2bbfbb28374d2559b19d4b311e14af7027c62b93a6626278c4fbc6d34512c1d050f2e50360a6d6c918e419d92b174b6855232cc9ec00b1af7023be343f46d6306c043805663cca8e2b4084791813e8cae4ad8ef2b731a09121d539b946623b861fea8d53d1d6c6e1bbacd8dc8c5284ca0198e93ef33afc5a469e9a78e0ee4fcff00460eae1926b4c578feff00f09db1f7ba4ab2a59e63627b3b7400e9594a0192e7fe93203f89586e82f7bdea414972285dc8cf5a572100ef6d9b692fd2a9c4a461240dc0d5717655a9f1186ee892cd3a5e104d194f7030f874f8ab5a77c99727559b5686a9ba2db65bb08ce6cc698dcf251d8a3eb0e5b2eb973451d7c32304690a9183da4aeece97b38d5515bb56cb4b623092a3781993d84e919e7a4d9215272a8a00081dce236622318f4ab33eea69e2c478da29f284f519653d0a4fba0f062841c9c556c64463931d98e4c69086da3911d347820590fa26c66337f4bb7760b4ca9e065365e13f1cb3f32acbfd316ebbaf001d5bd96c8f23013d25a99d29981af44432f668fe449ee86470cafe56665d4476f8d19908f447223a1148d27421184214590d2eeeff001776cd97ab995887f1649af9d3c0c665656d47027cc935f0c3e1176f46b79609ad2c9caa1c767a8fe457ce016d1dd7f66b5cf940658eabf0300529dc40ee8c38968c9287cd1af1faa9956bc85493c028f104c47b54bc2dc8d08ef1132d4994c3f07ca39b62565a3f0001fd76fce1cc469d8835ca9df1cc4c281a483bd491dc4d7eb1c24baa1e35ac401aa352d9bb3ade762b2d9e5a2a9b302299aaf4a26632cd415eb285a9a6b31e0f7a52b28b14db25b6c830c996a24ce952dca5062e9144c086a43626049ae7439d632dd81da69b60b41992c075614992c9a635aee3b986e31b7ddfb4575dbca393244e046159e88b3548218aa17f5b4f6091009b8bbec32d3af28cfac1b3967b73acdb3d9ed4c2bbd115067fe733856a1e009e51dfa52d9c326cb2261496935dc4929271b070713a9666f5d8605192ad49269a01acdbb68ac927f6b6a908770331717728353dc2334f481b73659ed65167569bd0da16712c0a236056a0eb75b5a7b3a413cb39f6d829cad6e1299b1e9669335a5001a459e5ca66a0ce632979ce4f0ab4a3dc628d67da8e867bceb3a869cce1519855124a1c28a056ad8a953a7ac38445da2da4b4db3174d30e166c5d1a7565e20001d5f68d1466c4e99520258856627c43e7588b15720bcaea91a05c7e921d2d5367dae40767449559470e049658d151eb5ab3926ac3411a5ecf6d658ad345913555cfee98746f5df453eb7f2d63e7b6d4f324f89ac72ca0eb052c3160c66d1f505a2cc8e293115870650c3c0c089bb21606ff00e1c91f02097ffe748c4eeddb0b748004bb54cc23d97a4c1d9f780903b2913ed1e94ede050ce960f294b5f3afca13ec26b863565469e761eed924cee8ccbc39b319f3b08504351c3b952b5032391a4657e94b6dc5ae609722a2525403a173bda9b9780efe14ab5f9b4f69b491d34d993378c672078aa0a2a9e60404706b9ebbe0d46b76ed8b964be0eecd2d99d554558b0006b56272d79c3f7c4c0d3e6b2800176a53214a9d047160b634971312988569515a1208af68ac352a512547bc683c69f58b03b51a85836924cab93ff4e493304c9ecbd24c180038e62b3d056b512d708afba234395e96ecaaa156cb3c050001f759002807af190141972d3c29f28ea1948e82e961dcd7a67a5db3914fb2ce35dc4cba7f744393e95a4cbca5d8481fc403fda632d8517da89f84c577469b3bd304cf62c6839b4d63e4107ce06dabd2b5b9bd45908392331f167a794512145520d74f8d762c368daebc6d0c259b5cdabb050108959b1a0159414ea78c75e92ad215524a926842e7992b2d686a789620f7473b1165c568334fab214b9e6e7aa83c493fcb15bdb1bc3a4b4b675c1d5efd58f8923ba10fd5992f1b88ea2a2a920298e0b08e19a3831a6cc474cf1e298e0c1cb9ee23365e3662b526996a38f8d62462e4e90339a82b65eecedba261961d4ab6618104710450c41910424c75a28e049992cd9465bb4b6d518a9ed0695efd7be3d10776fac382d0260194d5aff3ad14f961f38ae298e6ce3a24e277714f5c14bc9204286d6671870181184bbaad9d0cd499b94e7cd4e4de44c5cfd21d971cbb3dad73cba198472ab4b3de3167cd62831a16c7cd16bb1cdb1b918b0e1527730eb496f114fe58cbd42d32593c6cfe03b0ca9d19d19552e3881fee866c2b8a5943b891f5f9fca083a1048614604820ea083420f6188eb2a8e5868daf68d0c34d1a29a0659891d221de0f8885657a2e7c7e7122f491ed8ec3f9fd2065607832e44d3a2437ddb8234fd54415460c2a3306049998968751a738eec53586998de37f68828b161403847a44712a686d0fe63b63b86220a18f5581e608f187e3974ac46ac876da98f21472e4ee15f211643d6507588a670f565282788190870c82debb65c0643f331d914145007c8738121027f537d5cea787644289b352b5a7aa356dec7944330b910eecf24bb051a934834f66027cb51a26151da01727cc78c44b9a5d097e190fac1394714d53beae7fd0aa3e5112356282d37ef414850a1419d01030a3807ac471cfe87e91dc42262850a085c37774f3d259f57d698784b5cdfb2a321cd8453692b646e9587e54c163bb8cc6f5e67de91cbd592bde687bcc65ccc49249a93993c49cc98b8fa47be3a59a252faabd660371a5117b97fba29b09e9e2e9cdf2ce56596a91e18e4c7463c00920015272006f272021e289375580cf9a1069ab1e0a35fcbbe2fa10280aa2800a01c00c8433715d1f679546fda366e787051c87ceb121b58db8b1e85bf272f3e6f692db844a910424c0f910424c6b898a60edb1bbba6b2b6115797f78bce83ac3bd6bde04660236d97194ed55d5f67b43281d46eba7c24e9dc6a3b2919babc7c4d1bbfc7e5e71bf8a04c7a0c790a309d31c599c60c6cd5e7d04f47ad14e4dc812287b8d0f8c038f418a92524e2cb4e9d979f48576859ab6a41d49feb53459c07587f30eb773454e2f1b1f6a5b7592658a71a3003037061fb27f2c27b39c52ad121a5bb238c2ca4ab0e0c0d0c67c1274e0f95f68dd095a235ad6a8c39181b26cf41461eb00c0f21991db482f1c3ca04538687811a1873454e1a9d822dd64c06a3d53e5ca232d62c1325e25c277888377c8cc83ecb7d083f48aa113c5eadbb9d599835316bb8e87c46b128086a75980460375597943166b65726d78fe7069f9173838b2647241e31d42220c039206f27c63a11c89606e8ea288286e6e633345dfcffe23b760054e9036d3682dd9fad629ba21e4f998cd064a01207211d49b27ddb31d6951d833876cb65254d7daa0eead4f941064a82375290be47e3c76ad9c58e5e1451cbcce70e61cc1e11ec7b16684a9513acf3b10cf587a062350d441256a8a88b1f0958d5a4d0ab703e461e862d9eaf788eecef551e110b4f71c8b5589d6c56269ee3af340206fe8ff0076bfcedd6eca409d9dbb3a79b46fd9a0c730fe007d51cd8f57bc9dd03b6e6fb3689e514f5259232d0be869c9475477c232fae4b1af8b11d464a5457674d6762ec6acc4927993530dc7b1e46939e7862e5b1b70d00b4cd1fc353c3df3f4f1e141db23707da1f1cc1f72873fc6dee8e5c7c37e5a24d11aba7c37eb7f239fd67515f971f9902d1101b589f68882d1a246389634b8885aab548f388b2a0e48b51145614248f086e6dc8ea6a3acbcb51dd09e9f33e26fe03fa9c0b9c6be244970136dee9e9ece5945664aabaf12bedaf867daa22ed75d848eb201300d548a30ee3ac5912ed913d2b8309e23220f38765cf0ad2d6c270609ea528bdd7f27ca8214683e937d1eccb1136992315999bad4fdd3139546e42743b89a6f119f4739fb8ed276ac50a1428a2c9974de0d226acd4dda8e2bbc7eb781177db4b12da2525e1233a8559d4dfb92653fd27b070319e45b760efe129cd9e751a4cdaad0e9d6c994f26f9f698cf9a2d35923cafe50dc53a74008505b69ee53659d841265b8c529bde4e07f12e87b8ef8130d8c9495a360a3954a1278e7e54fa4750a2c87844012b4cb841ec5016d428edda7f381623a85b263966b515c8e63e504158115101a3b9534a9c8c5a951942f1c4e9a1454c466b76590cfca21bb126a4c1397821dcf9c58e7a6e10e5924d48274dc38d3e90c22d75d37c4fb16756e390e4040c7764264b8ee1a498388f1e70e035d22d9ba1fa51ec2850a28b144bb13e44708891dc87a30310b4e9926da721db1c585b32b99ae806649d2806f31e5b4e60728b36c6ddeb291adf3f254c5d0d77b0c9a653785d07e2ec103396956494e9d926feb4fd82c82429fbf9b9b91b9a9bb920341f889319d089b7c5e4d689ad35eb9faa0fb2bb876ef3cc9885058f1e956f97c98a72d4ec513ee3ba9ed3344a4c86acdb95379eddc07188d62b23cd98b2a521798e42aa815249fd56bb80263e81d89d8c9561903a7c3d23759c9de7b3701bbf386c52bb667cb3695479ff804b0dd7d1cb54952c84514191f127793ad61b366663840ce2f86f9924e15229c7410d4c992d8f54a93ca91a65d4ca3cc68e7c7a4849da9d99b5b65952430a181ed16dda1b16298789524768d62a4dac1c67ad5812c6e12a2fd622ad422860ed9a334bbad6f2cd51a9f28b4ddbb494a098bdebf9466974b35fa7735c3ac83fd5b172908a0d682b13a4a815237eb19f5b6f366984a39c274dd411d4abca60f6898647a29b5762a5d7c13aa345992d5d59180656043290082a450820ea29180fa4df46ad632d69b202f6539b2e65a476ef32f9eedf96717cb33cd271216a8de0989c36927d30928771aad49ed8b7d0cd3f4b4c90ff230ff0064d1f37428bf6d4ec412cd36c6aa2a493245140fe1ee03f0f8708a132904820820d083910464411b8c2726296375236e1cf0caae2cf2142850b1a5f767ef04b759cd8ed0c04d5eb4a987730140df461bc67d955b5d99e53b4b98a55d095607711f31bc1de08303e54d6560ca486535046a0c5dd996f390194016c94b42ba74b2c6e1c48f67bd7818ced7b277feaff87f434e2c9d9953829b3d74fda2650e2c0b9b61199e0a0e8a4f127406074994599507accc1457893415ef8d66ebb10972c4ab3a34cc395114b12dbd9f0034e24ffc08d58e37bb0f2e4d2a91c25dcb8027452820c82950f977d33f18177a6c758a6025a560343d6964a9fe9191f08b3a59b01fbf54af098d4a764956c67bc18eadf6892ea92e5c996195b1b3a4b12c5064aa3da39e75207aba439d3daacc766729e8cd286b68719e430a9a0dd88d733d902ef0f471684ce54c97379668c79006a3ce37dba36725ccb3867a876a9041d06832d0f1ef8af5fd75bc8203e63102ac3422b46ec3849ca16a38e4e887ce96bb33ca729354a3aeaac287ff001ce39952cb10aa0b13a002a4f747d0763d9c95699a10c894c4eacd2d4d146a74e7a738b9d93616ef95432ecb2d180a63518188df565a42a70517c90a36c07a33b03d99ba797d24cae1766d43610484dc8062e15cb5dc0b2fa34bba52169765e926491882bcc98cb356848c4a5a8710c5bbd61c35b6ecaca41259a50211e63950492680e0ad4e79e0af7c75367949c169a1c8d7f773080467b8303de107b502f67b1017b3b77165046159234088b2d0ff000a5814551ef9ab1e234157f4cdb22af27edb2100795fb60a298e57be78943bfdd26ba08d0eea4e8ccc93b91b127f0dea40ee60ea07051122d736550a4d64a30208620554d41a83bb58a6f72e3271767c970a096d3dd82cb6b9f67560cb2dfaa41ad65b00e99ef38596bceb0362cdbcee28f23d876cb66798eb2e5ae27721540de4fc873dc2280613d9db9dad938293865a80d35fdd41c3f13683bcee891b7b7eacc61669202c99545c2341872551f0efe7d906afdb6a5dd6516590c0cd6cddc7b533467f857451cb91319bc0416b96a7c7613397614285177f46bb1b32d933a764ac996d404e8f30674e6172279d0718d6958894b4ab2dde88ee9956494f6b9e0fda5d692d48fd9cb39f733644f0000e3176b15dcf68ace9cc68741fadd1052e5986689646ba9e5bcc5cccb0aa146400a086e571c4bd0f77dcc18f5e795e45b2edef2a56abb1036953b87d6159ac6a3acb069ac60313c8c0c692c01032e709965725563a18545dd016f17acf503d95627be914ab726198e38318bebd9952a46a752753145bd4fdf3f6c1e07bd2f0075116a36fc96fb0d8656811607b58499a65cb15cfc238b86f5455a4c241aebac10b46d4d9eccad330b1eca02c7701582c6f2636f66c1c8b16551dd2ff00a16bbf65ff00cc7cf82fe712e659aef91fb7b44b53ff00d93517caa2316bf36ded56a621a69969ba54b25540e048a173dbe022bad30aee1db14f2e57ccbf61f1e9312ff53e915db4bae52d05ae4003dd38bfb41ac0fbb76eeef9b3da4f4d2a62d0b2cc2854015cd5f1a8196e619535a115380ada8764392670560ea40653507420c2658df317b9a1463c51f50cbbbecb3543224a653a325287b0ac605e99ee64b35e3f74b449b292652a4f5f13a36bf029ef87ec28660fb45867bd967d7afd1b10a5f7e34068d5e3cf306016dbde76d9ef28dbc29696a51662ad03826b991d526bc02f642619dc9e96f7f0cbf62a2f524be256a142ac2ac348287ec56b794eb325b5194d41fa1e20c31585588d5ecc86ab704cb3da4fdad254be9b23355d43d180cdc29caa752699ebef45a27de135c51a6361f7451169c30a5011db187dcf7accb34d13651cc6a2b930e07e87746c9b29b452264b33a5cb0efeeb7ee9bda3806a37d376a32390639ac4f4c96dd9ff004fea1bf56fdc2566b8aab8e6e0952fde702a7e15d5a07954058caae027aa4800950280d06e399fe68eaf2b6bccab3b92c7207854d0506e02b5ca38c80a0d3746d49f700d4ecb2b0a2a8f6540f01488f7c5deb3e4bca6f68100fbad4c8887acb680e8ae3da507c4563a7994cf981e240fac60dd32819b31768952831a179803311b81150a390ac4bbea7609135b821f12283ccc75616a295f75997bab55ff0049581fb51d794b286b366227713527b80ac12772b6424ecf261b3ca5de1149f898633f388bb4dd4e8e76745255e9ae07d7bc1008e7489173da0399c469d2951d8aa8bf487af691d249989c54d3b4663cc08be25b9061ed228b319c0c3d576ca981e98260ae54242f21561ba1c916856f52d4ac781e8dbc9309f38ac5d56f5795d0b9ccd64e7bd260382bc70bd0720e6225dd2ec93a8260790e699acc62849e533104f0ef8bf67576586f6af662cf6e4296996a9348a4b9ea330dbbadaeb4ea3646b95751f38dbac8f2a63ca9828f2dd9187e25254d39651f4ed96c0d2861af489c2a412bc30b128c4f1182318f499728956e69a7114b451863a86465508cb5f6b4071675c5a9a13178e1ae5a531b8f256cca145deed92b76d9cda278ff00113051577a29150a383b6a7dd1df0cdcb74a5913ed76ca620034a9647abc1d977b7babde7752a37e5eef699a663e99e15ad708fa93bcc25a739695c2e7e81e49aec46b75ade6cc69930d59bc00dc0700218855831756cc5aa7d0a4a2a8747705548e22a2ac3b018d11876466949455c99e6ca6cfcdb75a52cd2b22d9bb6a25cb14c4e7b2b40379206f8fa9ae6bae559644b912170cb96b8546fe649de49a92779319aec0d9d2ed94caaa264d986b3269c8903d5551eca8cf7e6493d972b26d4035c6b4e14839f4f97c19bf1789bab2c7846b15fda2b64d46512949ec1589b755b1e6e298d9268838f1689539c01534006f30a5f973dd5872fcd87a5d150997fcf414795de430889267cdb4bd585258d403407ea60b5bf69a5834552fcf41dd038ed1cb3aa95f08d0d4aad63a665528eaa792d7df7215e97557f66c5795491005ae5a9259f3e420edb6fb95a54f840a997bcbaea7c21379921f581be500e498a96d4debd24de8d4f5532fe6f68fd3bb9c5ef6a2d8922cb3266118e9853f88d92e9c333dd1914b39c327d46b8d22b0f4da27a98f88912e7ee6cc446063dac2d33592264ba663310d563d973488ed941cd7c22c84db8af4367981bd83938e2388e635f11be2f56fb6a0978d971ca23ac40c4029f68aef5ec8ccab166d93bda9f7130f54fa95dc77af61d477f1118baac37eb5f31b8e5d87ed7b332672f496498057757127e687c7b22af785dd3649a4d42bc0eaa7b1865160bcaed69533148732d98f54834563ee36ec5c2b91df9e6559b6a88acbb54aaee6a0fee439787840e39cd2dbd4bf9234bbec552b0ab16b9b72d96d156b2cc0adeeea3fa4f597bb2e5006f0ba6749f5d0e1f79735f11a77d21f0cd196ddfde038b442ac4eb9ef5996698264a343bc6e61c0f0e47779440ac2ac31a4d5328d7ee8bd65da915e564c0d5e5efad0faa38e75a6fa547082226462f60b7cc92e1e5b5187811c08de234ab8768a5da866424e1eb02726e64ffbbc606195e2da5bc7cf8f8fb82da5f1354d92b7e293809ce59a7f29cc7d477413bc27525b37bb46ee560c7e519d5d1791913431a81a3aefc27f551d917b69a1d48ad55878823fe60a69276b862d92d6652691b9d7177ad15bc8a78441bce7d26873a4896f33f9dc144f2133c443374db71ca5afacbd46f89723f2af7c09da1b6fdc1e339c1ffa6beafc94ff0031818af551031b24dfe1c13bd98f9d3e9042f3b709729dcee069da721e74817711c367963957fa896fac573696f9e95b021ea29fea6d2bd83777c1e9d53203b170343b8f03b8c73639c0852e0d0fac01008e2012299431d2435226f547327cc92234b2cd16e0b5205a24fc6807aaf93a77d735f2e715edb9da89225d260532d48601806ab83556a1e7981a9d4e514fbe6fc97665ab9accf650509af13babe4399a019b5ed7accb43979add8bb97f33c4eff28e7cff00325e97b79fa7d43494777c927682fd996a9989c90a09c2b5d399e2c7cb41cc5563c85587c6a2a902dd964f475659336f2b325a30f46589c2deab30466453bb360323ae9be3e999e8ae30b0a88f90a0f5836d6f192a165db67051a0622653b3a40d41ca29f940b567d0d3f66e59355665e5ac3f65b8a4a664623cff0028ca7667d2b4e6025da9903e82615015fe2a502b73d3b348b8cfdaa98cb45016bbc67e11a22b34d6d230cfd86396f1dfe05bed97aca9428cc070035f0102af4bce54e92c03d3968607ddf73e218e79389b770ede70ff00fe89241af5bb09814b141f2ed04de69ae1532af350ee069ba215a011a8a45fa60502941969102d8158519411c08867e37dc29741ef2853549d013d82b109e5b57d53e062f1388028a001c06503664cce16faabec323d1a5dccebd225e58e6a49072963137c6da782ff007454e59ce142842370f031d563c850443dac74ad4d21428b20e543723f386ea41de08850a210b85db6d5b549293455a9461c7830e1f422065a24076e82d069300fba9defaee0fc4febb5428c0e3a7238afbd86ddc6c096db23c97a38208cc11a1e6a62758b68a7cbc8b635e0f99fead7c6b0a143a359229c902fd2f624b5b2c73bf692cca73ed2e95ee19f7886a66ce9618a44d4983b687c45457c2142819de38dc596bd4f7065a6c3365faf2d873a547f50ca189535948652430cc11a831ec28662c8e71b60c96965dee0dac13009768c9864ae32f0ff00b4e5c2342d9fbe70525cc6054fa8fbaa7d93eef61f3850a16dfb3928ae1f6fa05fa96e39785ea2c939e63d7a17189a99d0a8cc81bcf2df58049b4c96fb4a4b457514cb153315ab9c89a654850a3647f4eaee2cb16d0df1817a24346233a7b2bc3b4fca2add2c790a0a0aa243916915a022bbea721da78f2d62bd7bed5aca1d1d98e37028661d06543847e5de774285195c9e49b8be17dee1f0932973a733b1672598ea4ebfae50dc7b0a1801e474a84e80f847b0a2d2b20ecab1bb682242dcf3bdc3e23f38f6141354411b9e70d6537857e5062e4bee7d95d495c4aa6bd1bd709ecdebdde061428b8bae0a714f9352bbf6fec73141699d131d55c1143f101848ef82922fd9133f673e53f257527c01ac285012824ac943932d110a74f850a144075a26c0f7999c790a210fffd9, 0xffd8ffe000104a46494600010100000100010000ffdb00430006040506050406060506070706080a100a0a09090a140e0f0c1017141818171416161a1d251f1a1b231c1616202c20232627292a29191f2d302d283025282928ffdb0043010707070a080a130a0a13281a161a2828282828282828282828282828282828282828282828282828282828282828282828282828282828282828282828282828ffc00011080077008203012200021101031101ffc4001f0000010501010101010100000000000000000102030405060708090a0bffc400b5100002010303020403050504040000017d01020300041105122131410613516107227114328191a1082342b1c11552d1f02433627282090a161718191a25262728292a3435363738393a434445464748494a535455565758595a636465666768696a737475767778797a838485868788898a92939495969798999aa2a3a4a5a6a7a8a9aab2b3b4b5b6b7b8b9bac2c3c4c5c6c7c8c9cad2d3d4d5d6d7d8d9dae1e2e3e4e5e6e7e8e9eaf1f2f3f4f5f6f7f8f9faffc4001f0100030101010101010101010000000000000102030405060708090a0bffc400b51100020102040403040705040400010277000102031104052131061241510761711322328108144291a1b1c109233352f0156272d10a162434e125f11718191a262728292a35363738393a434445464748494a535455565758595a636465666768696a737475767778797a82838485868788898a92939495969798999aa2a3a4a5a6a7a8a9aab2b3b4b5b6b7b8b9bac2c3c4c5c6c7c8c9cad2d3d4d5d6d7d8d9dae2e3e4e5e6e7e8e9eaf2f3f4f5f6f7f8f9faffda000c03010002110311003f00faa28a28a0028a28a0028a28a0028a28a0040299525559a7dbbd625dcf59ca5187bd20262702988eadf7596b2ae1e664dad26efef37f0d63c560df6e965fb4cbbd97eeab6d5ff81579f57328c65c913a23439a27634560dbbc8a36f9aeacbfed6eff00d0ab4ad6e9653b5f6acabff8f56f87c546a99ca94a25fa2994faed330a28a2800a28a2800a28a2800a28a2800a28a2802a5dce96b6f2c92b6d445dccd5812ea6df6759366d691be5ddfc3fef55bf12aefb3f29fee37deffbed6b1a531aca9bb7332ed45897ef6e6dbff8eafcb5e263e75672e489d987847e29172de766776666f297fbdfc4d4cd365ff497497fd6bab36dff00677fff006550cb76b15a7fa141e7b17555feefccdf799bfe05f7696e616b4d46dee586d46de8dfde45fbdff8f32ad71fd565f19af34496e6e977bedfbebf37ff0014b59dfda32c722ce9f3345f32ab7f17f956a75f2345aa96dff2fcadff0001ff002b58b2de2cb6aed17df565f97fbbb1eb8fdaca123a614a3389e9d693a5c411cf19f9245dd53f6ac2f06cacfa25beff00bcacebff008fb56ef6afaba53e7a5cc78d28f2c87d14515d020a28a2800a28a2800a28a28023c714e0300d452cb14113c92baaa2fde66ae6358f137916ad2dbed546fbb2cbf76b1ab5a34be234a54a557dd812f8caf4da5909234dfb03339feea7cbb9bfef9635cc68b627c40f77712dd5c432457d2a23c3b595d15be5dcacacadf2fcb59e355bfd4d2f0dc6a0f716b2ee8951635886dfe25dcabbbff1ea9f4c9a7d322ff896cbe545bb7794e9bd59beeffbdff8f57952af0957e63d3861271a5ca7a3c7047b518aa36dfeefdd56ae7af2e3519e3b8b7d4b4b48e093e5592d6ebcd55feeb36f5465ff0080ab5374cf143cb095b9b5f2e65fbc91beeffbe776dad9f9678967dccaadfdef96bb39e338fb871724a12f7cc3dcaf6264bbf96589bca76ff77e6ddff7cd7196d04f1b5c4170bb65dfb9955b72ed6dadf7bfe04b5b3aeeab6314cef25f44ab16e49563f9b6bb7f07f759f6a6dfbdf2edaa1a0dc7f6beb6772f94973b5625fe258913ff0042af17154b9e5ee1e8d19ce11e7fb27a1f852d5adb43b48e5c6ffbff002ffb4dbab6eab5945e45ba47fdcf956ac76afa4a50e58f29e2ca5cd224a28a2b51051451400514514005329f4ca00e4fc5175fbe4b38bfd6b2ee66ddfea97fd8ff006ab8a92c6ef59d40db5ab2236ddbbffe792fff0015fecffe83f7aba0f115cc5178a6581db73cf12a2f95f33aaed766f97fe009ff007d5741e1f919eda456d3ee6c5237daab3bc6ccff00ed7caedff8f7cd5e5ca97b5abef9e952adf57a5ee1c6cba2b68d2fd8e2679536ef5697e6ff0065bfcffb558fa1cacf6be53fccebf7777f77fb95dc78ab53b0b7290df4771e714dcb3fd92578a2ff007a554644ff00813560cb630fd9629acff8599f6eeddf7b737fc0ab9abe1e50973c0eec26239a3ef9cfcfe23bed20c9269ab11b88d1d36ce8ceacff00c2adb5b77f77e6ae92db5ebe76d36d751bcb7babdb99e208b6f0344aebbf7332ab3336d555ddbb77f0d79ceb12eebabed9fc52ff00ecf5e8ff000bad22bb4b7be68a2df6d1b42bfdefbdb377fdf2b55849cb9b90330a30847da967e28f87db54d255edd225ba6b98a2dfbb6fcacea9f7bfe0553f86fc1b168375f6832bdc3af11b7ddf293fdd1f7bfdaaeb2fede09a35fb5edf2e29125ff7591b72d53fed68aeeee3b6b791b649ff002d57ff0065af47d952e6e73c7fac55f65c86dc4eb246ac9f75aa4a86de248a2548be545a9ab739828a28ab185145140051451400ca4a5af9bff681f8b8b6f15f785bc2d70cf70ffbbbfbc8dbfd52ff001448dfdefe166fe1fbbf7beec73729508f31d2cfaee877bf18a458f528a5fddfd9f723fcab72bfc1bbfddffc79b6d7a0dd5f4d6174b07901a0f2b7aca3fbdfc4bb7f87f87fefaaf8a7c01a47f6beae6cd6f1ad14c6d22a244d2991959576ed56f93e566f99be5f97fddaf6983e236bfe1b97fb1b57b0835c489b645bb779acff00776eedadbbfef9ff00815714a51848f523879d58c790f71b4d464d43cd58936edfe2fef7fb35ccf892da6b0b8b7bd8bf8996268d17ef2fdefbbff01ab7a778a2edbc3d0dddc692b62de56e922dfb960ff65be55ffd06bc6bc53a8ea5e2cd56e27fed0b86d337bc512bfcabb77afdc5555fe255f99bfefaac6bca3ca6f82c3d59d4f72269ebcd136a863b7f29a55892295625fbd3bb336cf97f8bee7fe3b5eabf0f74fbbd36ce288a27c8adbbe6fe276dd5e45e08b3834cd76dda695e5dcdb2276f9162765fee7fb5f76be8cd1a0f26cd776d676f99a8c2d2e79739a66b29528fb232b53b3bdbbfbcbf27fb2dff008f541fd9d3ddb7ee97c875fe2f996baa1cd73be33f15697e11d1db50d625d91748e34f9a595ffba8bfc4d5dd2a5ef731e246acbe12f69df6db6458afd9655fe19d7ff66ad4c57cade2af8dbe21d65c2690b169564377caaab2cadfefbbaedff80aaffc0ebdefe17f88dbc51e0cd3f5194a1ba6568ae3676911b6b1ff00d9bfe05570991284a2765451456a40514514009da9bda8535e7ff19bc5bff0897832e2781992f6f375adb3236d647656fdeffc07ef547d908fbc79afc7ef8b46c52ebc35e18b871743e4bcbb89ff00d57f7a246fef7f79bf86be67b5b69ae5d21b68bcd9599555157e66666daabff7d356fddc50489ba57dccbfed7deaf40f82be1390dc49e22991a3842ecb5465f9a4f9be665ff67e56556fe26ddfddae694fed9e852a5ef72163c21a04fe0bb9c5d4b135d32bb4bb7f85fcadcabbbf897e6ffbe95abd27e18585a5fea9a9788b522a9bbe5b6697e5dbf7599bfd9fbe8bff007d571de29d6ec753d4a26b0666f297f7b2b2edff00736ff1d75df0d348b9d7bc2a6da6f360b13732ee756dacc8db7e55ff00d0777f0d71d2f7ea9ee6361ecb0b0fb265f8db5d9351b5961d3e4696276fbb148acb127f16d6ddb77ffb5fed572da75e497312adad9a244abb17e6f9552bd1bc57e12b4d2ade568e4481557f74d2b336ff00f6597ff89af3af0fddad8c5bbcadc92aa3ba37de56fef573e239a323d2cb3d94e97b85f6dcdf2eefe14fbbf26daf72f00eb8baae87134ec9f68545f317ff00426ffbeb757814ba8c73ea2e912bc4acbb155bfbcb5d5786afa0b3b0b89ef6548ade0667666fe1555576abc2d5e4918679858d5a1ce7aef8d3c59a6784fc3b77abea52ab4502fcb1abfcd2bf3b517fda6af8b7c55e30d53c5fe239b54d6655766f9228177795027f757ff8afe2a8fe23f8c6efc5dad19277963d3edd992dadbfbabfde6ff69bf8bfbbf76b984b8dabfc75eb73731f2708721d024aaa53657d1ffb2beaeb73a16b7a5eef9ad6e96e3fe032aedffd0a27af97a19fe54fee57d09fb20d9b93e2dd45fee3bdbdbaff00bcaaccff00fa1ad440757e13e94a28a2ba8e32a4b731c4766e677feea7ccd51f997320da2348bfd995be66ff00be69a163b38d63897e666ff799bfdaab36d6eb16f66f9a56fbcd401426d445b3aa5cc32a4927ca8aabb95ffe05ff00c56daf3bf88ba0db78b7c49a025e8b8934db1f35e7b6d8d179aedb362ef6dbf2fc8df76bbed776496b2c4df79a4d9ff8eeeaa56fad5a790ab2cadbd7e46565f9b7573d597d93a2947ed1c6cde16d0f5563a347a45bdae9fe57fa4c5145e56ef9bfd9fbaff77fdaf9eb97f8b5e30b3f07594b6f60d6e9a83c6b159daa6ddb12aaed5775fe055fe1fef6daedbc45aa38bc8a4d320496e25da9223fcbf27cdf3337fb3bbeeff17cdfef2f0fe35f83379e31306a50ea90437802a4a5a2dfb9777ccdb97f897e6dabb7fd9f97ef563f17b8762fdd7bf33cff00e096817fe39d4d9af1a5fb15b36fbb9ff89ffbabbbfbcdb9ff00e03ff01afa8a66b4d0b4b8a382008912f9504117f137f0a2d60da4367e03f048b6d1f49be952d23f960820dd2caffde6dbfc6dfdeae53c2dad6a4e65d6f5c9d62bcb85fddd9b2b7eea0ddf2c4bfdd6f97e676fff0064f7697c2139d5c5479e7f0c48fe22cd73f65bb9ef7e77962655dbf7555be5655ffbebefd7946a17cb66a9f2b33eef97fdcaecbe2278df4a16f77668fe6ddb44dfb88376d5ddf755dfeeaaff0015787deea778c8f2cacaeffeefddff00c7ab8a74a55647b397e36961e1c9336f53d6238a25965675756dfbbfdadffc158d73e34bcb9b7d42da572b6f771c6ae0055dccadbb7ffc0bf897f896b98bbba9e76dd2caedff00a0d54aeac3e1e148e6ccb34962fdc813ba7dd6dbf2ff00795b72b558b6895befd524665fb8db6a5495bfbdff008ed749e31a8fb5536a57d41fb24a403c11abb2cc92cada8b79b17f145fbb45ff00c7b657c98f2b6c7dedf2d7d9bfb397830785bc1297b74ae352d5d63b89958ffab4f9bcb5ff00be5b77fbccd570f889ab2f74f61a28a2b5398a09892fa466fbb12aaaff00c0ab2b57d7bca94c1669ba5f57fbb45158cdda1a1ad35796a72ebaa4a6e665b82d237ffb2b5bd0f86bcf73717f2ba09065e189b8ddfeff00deff00be76d14573d3499d35dba7a449b57b0d1ec2c3cf9ac622a9f2ab05f9b77fbff7ab9ad2b5e9ac6e4dbac61a06ddb5377cff00f7d5145556d2500c345548fbc6e4de2db18e3ccd1dc6f5fe16556acffeda8ef2e59e2d32259ffbd2aab3ff00df5451532ab21c2944f0ff008eba4adaea165ab2373748f037fbc9f32ffe855e4578236b77e28a2944da6623a2efdb55e45d8d4515b984c74fb1560468d9250bf392fb95bfbb4da28a0835fc25a1def89fc4967a3e92914b7771229549db6c785f99bfe01fecd7e8b47f7528a2b58195524a28a2acc4ffd9, 0xffd8ffe000104a46494600010100000100010000ffdb00430006040506050406060506070706080a100a0a09090a140e0f0c1017141818171416161a1d251f1a1b231c1616202c20232627292a29191f2d302d283025282928ffdb0043010707070a080a130a0a13281a161a2828282828282828282828282828282828282828282828282828282828282828282828282828282828282828282828282828ffc0001108006a009203012200021101031101ffc4001f0000010501010101010100000000000000000102030405060708090a0bffc400b5100002010303020403050504040000017d01020300041105122131410613516107227114328191a1082342b1c11552d1f02433627282090a161718191a25262728292a3435363738393a434445464748494a535455565758595a636465666768696a737475767778797a838485868788898a92939495969798999aa2a3a4a5a6a7a8a9aab2b3b4b5b6b7b8b9bac2c3c4c5c6c7c8c9cad2d3d4d5d6d7d8d9dae1e2e3e4e5e6e7e8e9eaf1f2f3f4f5f6f7f8f9faffc4001f0100030101010101010101010000000000000102030405060708090a0bffc400b51100020102040403040705040400010277000102031104052131061241510761711322328108144291a1b1c109233352f0156272d10a162434e125f11718191a262728292a35363738393a434445464748494a535455565758595a636465666768696a737475767778797a82838485868788898a92939495969798999aa2a3a4a5a6a7a8a9aab2b3b4b5b6b7b8b9bac2c3c4c5c6c7c8c9cad2d3d4d5d6d7d8d9dae2e3e4e5e6e7e8e9eaf2f3f4f5f6f7f8f9faffda000c03010002110311003f00faa68a4a280168a29280168a29280168a28a0028a29280168a28a0028a28a0028a28a0028a28a0028a28a00e074ff17cdb733a24abeabf2d6cdbf8a6c659522f9d5dbf85aa8dd6976715c3ef8e258bf8d5955b6ffdf5fc354197c3accff35a7fc0197ff65ae7e799db285291d0ff00c24fa6847669f62a9dbf32355bb4d734dbc03c8bc81fe8f5e57accba1c48f1595f5c36ef9da283e75ffc7ab9889a56bafdd4bfb9feeeddbff7db51ed645c30519c4fa35195a9d5e3fa4ead7706f6b5bc48a1ddf2ab48aabffa16dae953c477b004370c996fbabb976b7fecd4431119984f0b281ddd19ae6edfc5760ea9e6bf96cdff008ed6b5b6a115d47bed59654fef2d6bcc612a52897a8aa335e346cbfbbdcb56a1956589644fbad4425cc47292d2d26ea37558c5a29296800a28a4a005a28a2800a28a2803e75bef116a9e29d47ca77f917e458225f97ff8a6acfd6609747589aea27776fbaadf2562c3ab5ce937f76b6b3bc5b59a2665f91befbd5dd22596fa57b9b8dedfc0ad2fcfff007c569eca5cc7ab0ab1f82069da5e4ed66927951448dfc6d16e7ff80237c9ff00037aafa9ea7e545fbd5b8ba97fbcccc8abff00015dbf3ffdf15625be696f22b1b55dd70edb1556bd37c27a159e956b15dcb124fa84bf32caebf77fdcfeed61569460555abcb1f70e47c3de1dd4f509776cb8b5b75ff553cabb5f67fbacbbf7ff00b75dc58f86f4fb18b6cbba7976fccef5a7379a88edbbe66fe3acdbe95a2b299627dd2b2ffdf2bfc4ff00f7cd6508c4c3dbca6519db4f69fec76b688aff002ee97caddb7fd9ff0069abadb47b6b3b3448593ca55dabb6b9a4b359e1b75817ca76657d8bf2bffbecdfdffe2ac9b9d027bed591ee97ed9f2ab5aab6edabfdf67ffc77ff001ddb575697bbcc47373fc475daaea3135bbaaabcbfc5b13ef37fb3593a7eb9359aedd42d9ed5f77def99a2666ff6feed6c693a42da7ef6e25f3ee3fef955ff00756b96f883abd9c303d8bdf2c57127cede5ed77455f9beeffc07f8ab8f9b93e034a518ce5c85e9bc4f7b77728967e5470ff7bef6ff00f6beefcb5ada35e4f24ffbd9f727f76bc574fd4efbcad9144ffd9fe6ef4789b6bcaae9bbe7576566ff0080d75169ad4eb2afd915155b6fcad2ee556a8955aa774b050e5e581ea92eb104377e43c8a9b57e666fbb5aaa43a6eaf26d5b5169625fb56c49b6fcadb59777fb2bb96bb1f0aea4cfa2c45cef55f9377f1356f87c4737bb23ceaf83e48739d5a956fbb498acf79566856549de245fe21b76ff00e3d56ade54dbb7cd46ff00815757ba70ca259a5a8f77c9bbef50d2aad58125149ba8a00f8f35e566f115dc76fb27f36567455f9f7eff009bff00416ab09ac5cd9d83c516f58b6ecf97f8bfdcaccd0f4c9ccbe7cb13a227ddf96ba2f0f6bfa7d8a5eff6869e978cbf25b2eedabbbfdaff0066bd394393dc3a61332f48d625d3aeade7564576956297737caaaefb5be6ff0067efefff0066be92b1daf2ed4746489536d7ccb0daff0068cafb99191bef2d7aa7c2af1145a542be1ed5e5d8ff00f2e73c8ff2caadfc1bbfbcbf757fd8db5cb8a87bbce1ef4cf51bb9556d1d9fee2ad715772cf737b6f1c4ceacebe6bedfe15fff0067ff0065aeaae2754b2b8595997fd955ae6ade292daf1efae15d9dbeec4cbfdcf9177ff753f8ff00e075861fde094790bb2dccf033c16513f9bf226e55fbbbbffdaae9746db1e9b105465dabff0002ae1758b9d66e6254b5f2ad6df77ccd17cd2cbb9fe6ff00617eeff7eb326f16eafa0ceb6b73f67b887c84755dca8c9bb7aedffc73fb8f555e94a71f749893f8a3c47e25bdbc7b3b3d3e5d3e2f99159d916593ff00b1ff0077fefaae3e2f094f15dc105fc8af35dceab237de65566f9bfe03ff0002fe16aeae4f8bb6d0b226a5a1cde4b7de963956555ff7d76ad74ba4eb9e1dd4ecfedcb05b9456dcf2f96adb1bfdafe25ff815734a94a11f84eda58ce4f721137aeb46d3decde14b68362aac5f776fcbfddaf27bb81b47f11ccb3d8c4b6572ecf144caabb363bafcbff01446aeca5f194ef7170ba6d8c5790afdd97cdd9fecb7f0ff007bfddfbb585a86bd7dad5b7d9af2d2c2d5d3f899bcdf9bfd95dcbb7ff1eae3943f9cd70bed612f78ab7773135b3db3caed137dd66fbd137f0ffb5ff7d576be05b3bb8b438a795d36cea8fb76ff000d7994b672cb3f952acab145f7a55564dbfee7fb75eb9e1c94278634f457dde54089bbfdd5dad510fdd1ae37e08c605cbe95ac6ce69936322aee55db5474cd5a2be6f31257665fbdf77ff65acfd52f3cf9e28a79fca83733c8bbb6b32edffecbff001dac4d3ec16dae566b4b6ba9d773b33bee8993ff0041ddfe7e6acaad597d830861e3cbef9e86f3cabb15d97ca66daccbbbfcad5e8a3f915777cb58893c6c9137f797632b2ed6ad0d3e04fdeed66dbf2fcbbb7575617112abee4ce194790d3debfdea2a8ff67bff00cf56a2bab9a467cb1ee7cf7a7452eb12a59dbafced16f655fe27fefd6d7fc2293bb456c9127da36eff002a25fe0fefbbd5df06e93259c56f77bd22b866fdeb6edcaa9fdc4af43b19ed992696544695fef332ff00ecd5e9e2aaf27c0284a53f70e2b47f01cbe72fdb0a32afde556576ff00bebf87ff001eadfd5bc19e1bbcb258af6c16445f99552797e6ff00be596b792ea4dde5c0a8bf2eef969d0df36c7668ff00d9fbbf357992ab56475724cccb6d3a2216074996245d91b348cdb7fd966dcdff008f541ab6953fee952579767f0cbfddff007bff008aae812f259376c8f66dfbdbaa276f3d7e7fbf510ab28097bd2f7cc16469ed56ca2bc895e3f99a2f9772a37ddff3fef57956b714579e369ad3cdf362b555b7f357eeeefbcdff008f332ffc06b43e34681793f93ae68f72f6ba869df24ad14bb1da26ff0077fbbb13e5feebb572ff000ff44d5f5afb6b79bbb53f35a56959bef337ccceff00f02df5ead2fe1f3984bdd912eb291c52cb66cc8d6e8df32b7f0bbfcb58b0d9c9a76a8f04aae8cd124b13b7dd9626fbbfef7ff635abaf68faac579a9b5d2a3b452b3c8ff77efbbeff00fc7bff0043a74f05cc9168ab7b1f94f159a244cedf34b133b6d6ff00be5b6ffc06baa1cbca6729f24b9cd0f09ebb2e9c9f66d67e7b0f35dd9bcb5665fef6ff00ef7fbb5e9faa456b67ade9f3d9a225bcebb0345b55777f0b7cbfc2df2d79b5be892cf6b7d7371bda28977b337f1333fcb5d97877f7fe06b293cc495acdd62664fe15fbabff007cabedff0080d6156944af6b23a36d3e092f499e5596d4fdd5daaadf37fb4abf37fdf55850f8a74fb1f11be91a6c4ff675899dbef7ccff007be5dd56b59bcb9b9f2a0d3d922468b7b4abf3b322affb3f3ff1573171e11920df772de4512ab34bba289925dfff007d7cb5e557f650f70efc2fbff19ad33b6a1706df49927599b6bb348ccbb7e7fbcdb7f8576ffe835a37d3d8e8b14566b0bea9aacbf2ec6666dcdfde6ddb952b1f4dbbbbb3b3956cd5def5b6a36e65dd12ff000ffb3fc5ff007d565ddea7e5dcbdadab379abbbed53bff0077f8953fbaedf76b83eabcf2f70eb9439e46ebc57cb2aea12f94a8bfc317c912aaff00e84b5dff00879a7ff592ff00cb55ddb5976ecff66b97d2669f53d2ae2dae9624b84f97627dd589b6b7fe83f2d74ba0acd3417092b223ab6d5dbf7913f868c3d2e4aa71e227eef29d1f9828aa9f6393fe7bb515ea1c1cb13c77cfba5df122bb27dcad3d3afe359565bd81dbcafbcbfdea8b49d46c6da7596f51bececc89f2ad57f17ebb6df6f56b2836c5b767ddaf6251e79727218c39be21cda9c9ac6b36f13c0e88cdb1b6bfddadeb3d3aead67f3ee2f2e1d19b6790adf23254be07b389ac25951525f376beedbf7bfd9ae8364ed708bfd9e9e52fdd6ddf357249f2fb86f098c7bc789625f96089be4f9997750f2b236e76f353fd95db535ddbc6c8ecf06d9997e576f9b6d3adfcb6b3fdefcc8bf7bfbd5872c42557f9081e5b3962920786168a78f6bc5855ddbb72b6eacbf0f5a68ba7cf1359c0904b1ee56dacdf36efbdbb77defb9533689e6cef2dbdced4f9b6eefe0a3fe117d9e54ab3ee74ff007be6a39624734a45dd6345d2f5181fed7024bfc6edbb6ff79be6db5caeada4e9175045669be28a0d9b595995976a6d54ff00736d750d6b7693cdde266dde52eedb54f50d0fcd8de6f29dbf8d9772ab54c3dd1f2142db4466d1de27bc596d191515597e66d9ff00d8fcb56f4cd12d34cb3bb82de2567b96f99bfbb55b4cd560d32e9e09f4f78917fd52b36f66ff00be7e4ad0b6d7606171729133baec6f29be465dcdb36ffbd532aa54294a1ef116b1a7b2b452b47bdf6bff00aa554dcadfdeac2bb5b1ba7fb3416d3cf74aaccab14abfc3fef7ddff0080d7431ebd06a56d340b1bab36e5d8ff002bb2edfe1ffe2a9da6693258caad6ea8a9fdddaabf3571ca1cf2e73a613e538c6b5d420bc76ba8117cddf2b2237f17de5dcdfe7f8ea4974cb6bbd412e74e8d22455f36456daabf2fde5dbfddaee858b4a1f73b2cbb99f6eeff00d0aa1fecc55936eedb2fdd6ddffa1d10e681d1f5a39fd19916fe696557559593e655dabfdcaebadeee25bf73f2aab4488bf3aff0eeff00e2aa8dc471c0eb02c6cd2b7de6d9b9776cfe1ab5a1c69729ba589bcd46d9b997eeedad6943ed9cf56519fbe69fda9e8ab5e425154737340f3dd12ced25b775b854548be76565fbcb52defd8670ad158dbc5b7e45f956addec69e64df22fde6ed5158f415eb5f5e639b9992e997cba622ee5764666ddfecff00bb5d159dd437512b5b49b97fbbfc4bfef2d7271ffabb81dbe6e2a6d2d9bedb69f31fbabdff00d84ac2ac16e5c2474ecbbb2af552189511d9d76a7f76b5a5fbabfeed64dc7fad97feb95630340b8ba82cff007acbb9597ee7f16ea49e68eeed567432ab45f3a2c5bbe6ff0080d53bbff977ff007fff0065ad2d23fd75dffbcb4e71081850de5cc08ff6b8dd519d51772edddfed2b56fe8d3ade5a2b33333afcacadfc2d526aff00f1e537fbb5ced8b324936c62bf438fe1a4e3cd134fb26fea9158bc5fe9b6d14b17fb68ad5cfbd9db4b6cf0456712dbeedfe532abaeead6bdff008f49bfebaad0dfea21ff007ab3817021d1214592de28e245448db737fe3bb6b575381a4897633aed6ddf2d52d2ff00e3e97fdd6ad8fe0a9abf113397bc6322807cd66cb1665fbdb7e65fff00669e02ddecf95da44fbacabb597ff65aa5ac7faf5abfa633792ff31fceb3b1522b2d9ceadba56dceadbd5776eaddb55db16e65daedf335447ee7fc0aae0e94e06521f451455999ffd9),
('99010103467', 'D041710023', '123', 'Mohammad Amsyar bin Zuhilmi', 'Satria', 'FKP', 'Diploma', 'Lot.1010, Jln Markas, 02200 Kaki Bukit,Perlis', '01127663883', NULL, NULL, NULL, 'Student', NULL, NULL, NULL),
('990114096788', 'D0417188293', '123', 'Anisah Binti Romlan', 'Satria', 'FKP', 'Diploma', 'No.12, Taman Batu Kurau, 02707 Simpang Empat, Perlis', '01117736892', NULL, NULL, NULL, 'Student', NULL, NULL, NULL),
('990115027786', 'B041765389', '123', 'Amirah Binti Samsidi', 'Satria', 'FKP', 'Degree', 'Lot. 178, Kampung Selamat, 72400 Simpang Durian, Negeri sembilan', '01115566733', NULL, NULL, NULL, 'Student', NULL, NULL, NULL),
('990119059827', 'B041718377', '123', 'Jaim Arif Bin Sanusi', 'Non-Resident', 'FKP', 'Student', 'No. 67, Jalan Tuah, 71650 Kuala Klawang, Jelebu, Negeri Sembilan', '0197677455', NULL, NULL, NULL, 'Student', NULL, NULL, NULL),
('990130055567', 'B021717898', 'abc123', 'Mohd Halim Bin Abdul Ghafar', 'Satria', 'FKEKK', 'Degree', 'No,908, Jalan Bunga Raya, 4300 Kajang Selangor', '0124567654', NULL, NULL, NULL, 'Student', NULL, NULL, NULL),
('990215108873', 'B041716653', '123', 'Ngo Chen Bang', 'Non-Resident', 'FKP', 'Degree', 'No. 23, Taman Bayan Lepas, 11900 Bayan Lepas, Pulau Pinang', '0196537483', NULL, NULL, NULL, 'Student', NULL, NULL, NULL),
('990316047674', 'D041688763', '123', 'Umizatul Binti Dahlan', 'Satria', 'FKM', 'Diploma', 'No. 675, Taman Batu, 14110 Simpang Ampat, Seberang Perai Selatan, Pulau Pinang', '0127738335', NULL, NULL, NULL, 'Student', NULL, NULL, NULL),
('990413126778', 'B041719834', '123', 'Syahira Binti Razi', 'Non-Resident', 'FKM', 'Degree', 'Lot. 67, Kampung Bikan, 39200 Ringlet, Cameron Highlands, Pahang', '0111567836', NULL, NULL, NULL, 'Student', NULL, NULL, NULL),
('990417105662', 'B021715637', 'abc123', 'Nor Syahliza Binti Othman ', 'Satria', 'FKEKK', 'Degree', 'No. 89, Taman Tasik Utama, 07100 Mitc, Melaka', '0198456736', NULL, NULL, NULL, 'Student', NULL, NULL, NULL),
('990816436778', 'B021714527', 'abc123', 'Aminatu Farhah Binti Hamid', 'Satria', 'FKEKK', 'Degree', 'Lot 162, 76100 Durian Tunggal, Melaka ', '01137647748', NULL, NULL, NULL, 'Student', NULL, NULL, NULL),
('991123108788', 'D021716742', 'abc123', 'Nor Fatin Binti Mohd Rahmat', 'Satria', 'FKEKK', 'Diploma', 'No. 145, jalan 10/6, Taman Desa Aman, 09410 Padang Serai, Kedah', '01118765639', NULL, NULL, NULL, 'Student', NULL, NULL, NULL);

-- --------------------------------------------------------

--
-- Table structure for table `vehicle`
--

CREATE TABLE IF NOT EXISTS `vehicle` (
  `vehicleID` varchar(10) NOT NULL,
  `vehicleType` varchar(20) NOT NULL,
  `vehicleRoadTaxDate` date NOT NULL,
  PRIMARY KEY (`vehicleID`)
) ENGINE=InnoDB DEFAULT CHARSET=latin1;

--
-- Dumping data for table `vehicle`
--

INSERT INTO `vehicle` (`vehicleID`, `vehicleType`, `vehicleRoadTaxDate`) VALUES
('AHD6672', 'Car', '2018-04-17'),
('ANB4567', 'Motorcycle', '2017-11-26'),
('BNL1234', 'Car', '2018-09-12'),
('DAD9745', 'Car', '2017-12-31'),
('JQQ5648', 'Car', '2018-02-01'),
('KCK1109', 'Motorcycle', '2018-01-12'),
('KDH6774', 'MOTOCYCLE', '2019-12-18'),
('MCD2221', 'Car', '2017-12-31'),
('MCD6674', 'Motorcycle', '2019-12-19'),
('MCD7646', 'Motorcycle', '2019-12-19'),
('PJQ5536', 'Car', '2018-12-06'),
('WUY8837', 'Others', '2018-10-13');

--
-- Constraints for dumped tables
--

--
-- Constraints for table `complaint`
--
ALTER TABLE `complaint`
  ADD CONSTRAINT `complaint_ibfk_1` FOREIGN KEY (`icNo`) REFERENCES `user` (`icNo`);

--
-- Constraints for table `owner`
--
ALTER TABLE `owner`
  ADD CONSTRAINT `owner_ibfk_1` FOREIGN KEY (`icNo`) REFERENCES `user` (`icNo`),
  ADD CONSTRAINT `owner_ibfk_2` FOREIGN KEY (`vehicleID`) REFERENCES `vehicle` (`vehicleID`);

--
-- Constraints for table `summon`
--
ALTER TABLE `summon`
  ADD CONSTRAINT `summon_ibfk_1` FOREIGN KEY (`icNo`) REFERENCES `user` (`icNo`),
  ADD CONSTRAINT `summon_ibfk_2` FOREIGN KEY (`fineID`) REFERENCES `fine` (`fineID`),
  ADD CONSTRAINT `summon_ibfk_3` FOREIGN KEY (`vehicleID`) REFERENCES `vehicle` (`vehicleID`);

/*!40101 SET CHARACTER_SET_CLIENT=@OLD_CHARACTER_SET_CLIENT */;
/*!40101 SET CHARACTER_SET_RESULTS=@OLD_CHARACTER_SET_RESULTS */;
/*!40101 SET COLLATION_CONNECTION=@OLD_COLLATION_CONNECTION */;
